"ANO","NIVEL","CODMUNRES","POPRE_T","POPRC_T","POPRC_M","POPRC_F","POPRC_15","POPRC_15_49","POPRC_50","POPRC_F_15","POPRC_F_15_49","POPRC_F_50","IDHM_A","IDHM_CA","IDHM_CA_M","IDHM_CA_F","TN","TNRC","TNRCR","TGI_15","TGI_15_19","TGI_20_24","TGI_25_29","TGI_30_34","TGI_35_39","TGI_40_44","TGI_45_49","TGI_50","TGIF","IM_P25","IM_P50","IM_P75","IM_MD","IM_DP","EM_S","EM_FI","EM_FII","EM_M","EM_SI","EM_SC","TGRC_B","TGRC_PT","TGRC_A","TGRC_PD","TGRC_I","TGSC","TGCC","TGPRI","TGNPRI","TGU","TGG","TGD_22","TGD_22_27","TGD_28_31","TGD_32_36","TGD_37_41","TGD_42","TGD_PRT","TGD_AT","TGD_PST","DG_P25","DG_P50","DG_P75","DG_MD","DG_DP","TKC_NR","TKC_ID","TKC_IT","TKC_AD","TKC_MAD","TGPRG_S","TGPRG_N","TPV","TPC","TRAP_C","TRAP_P","TRAP_T","TGROB_1","TGROB_2","TGROB_3","TGROB_4","TGROB_5","TGROB_6","TGROB_7","TGROB_8","TGROB_9","TGROB_10","TNLOC_H","TNLOC_ES","TNLOC_D","TNLOC_O","TNLOC_AI","TRS_M","TRS_F","TRRC_B","TRRC_PT","TRRC_A","TRRC_PD","TRRC_I","TRP_BP","TRP_N","TRP_M","PESO_P25","PESO_P50","PESO_P75","PESO_MD","PESO_DP","TRPIG_P","TRPIG_A","TRPIG_G","TRAPG5_B","TRAPG5_N","APG5_MD","APG5_DP","TRAC","TRSAC","TO","TORC","TORCR","TO_NN","TO_N","TO_CB_I","TO_CB_N","TO_CB_C","TO_CB_R","TO_CB_O","TO_M","TO_F","TO_F_IF","TO_FT","TO_NT","TO_NT_P","TO_NT_T","TO_PNT","TO_MT_G","TONT_B","TONT_PT","TONT_A","TONT_PD","TONT_I","TO_MT","TO_MT_DG","TO_MT_PT","TO_MT_AB","TO_MT_42","TO_MT_43","TO_MT_P","TO_MT_P_I","TO_MT_P_ES","TO_MT_P_EFI","TO_MT_P_EFII","TO_MT_P_EM","TO_MT_P_ESI","TO_MT_P_ESC","POPRE_RA","POPRE_RE","TFG","TMG","RMM","TMM","TMM_P","TMN","TMN_P","TMN_T","TMI"
2015,"UF",22,3204028,3118360,1528422,1589938,830036,1691520,596804,406789,863841,319308,0.689,0.646,0.606,0.676,49253,35303,35303,592,10155,12818,12353,8673,3774,833,49,6,48655,20,25,30,25.37,6.47,368,4601,15201,0,2108,5151,5719,NA,235,NA,22,13170,35348,20187,29066,48323,867,24,152,455,45800,0,2315,NA,0,NA,38,39,40,38.7,2.2,0,10903,4087,4901,24240,21242,28011,23055,26194,46311,NA,174,14540,2337,13294,1580,9330,627,754,862,174,4211,47662,1297,221,71,0,25129,24105,5733,NA,235,NA,22,3701,42429,3105,2940,3250,3560,3224.95,555.23,NA,38366,5577,678,43638,9.54,1.01,353,48348,19366,0,0,2477,16889,623,2771,6486,1861,5148,11033,8310,996,0,659,625,34,0,19,71,8,0,486,0,65,19,5,1,27,13,52,47,0,7,16,13,4,3,5278.779,531.813,57.02,6.04,105.58,7.52,6.02,13.38,12.69,0.69,13.38
2015,"MUNICIPIO",220000,NA,NA,NA,NA,NA,NA,NA,NA,NA,NA,NA,NA,NA,NA,1,1,1,0,0,1,0,0,0,0,0,0,1,24,24,24,24,NA,0,0,1,0,0,0,0,1,0,0,0,0,1,0,1,1,0,0,0,0,1,0,0,1,0,0,40,40,40,40,NA,0,0,1,0,0,1,0,0,1,1,0,0,0,0,0,0,1,0,0,0,0,0,1,0,0,0,0,0,1,0,1,0,0,0,0,1,0,3475,3475,3475,3475,NA,0,1,0,0,1,9,NA,0,1,52,0,0,15,37,0,0,4,0,33,37,7,3,0,0,0,0,0,0,0,0,0,0,0,0,0,0,0,0,0,0,0,0,0,0,0,0,0,NA,NA,NA,NA,0,NA,NA,0,0,0,0
2015,"MUNICIPIO",220005,6933,6749,3459,3290,1905,3572,1272,942,1748,600,NA,0.528,NA,NA,87,49,49,0,18,22,25,14,5,3,0,0,87,20,25,29.5,25.49,6.5,2,17,32,0,3,2,43,7,0,26,0,15,70,34,53,87,0,0,1,0,85,0,1,86,0,1,37,38,39,38.08,2.11,0,14,4,13,52,87,0,27,60,56,30,1,13,4,22,3,7,15,15,0,1,7,87,0,0,0,0,36,51,43,7,0,26,0,9,75,3,2972.5,3300,3525,3192.94,576.85,7,64,16,1,59,9.78,0.78,0,83,47,0,0,7,40,2,5,16,1,16,28,18,1,0,5,5,0,0,0,1,0,0,4,0,0,0,0,0,0,0,0,0,0,0,0,0,0,0,1.563,NA,49.77,6.78,0,0,0,57.47,57.47,0,57.47
2015,"MUNICIPIO",220010,5078,5098,2455,2643,1323,2502,1273,675,1279,689,NA,0.599,NA,NA,84,62,62,1,14,20,20,24,3,1,1,0,83,21.75,27,31,26.25,6.28,0,7,19,0,2,1,1,3,1,76,0,19,63,31,53,81,3,0,2,2,75,0,4,79,0,4,38,39,40,38.43,3.2,0,16,2,8,49,83,1,47,37,76,2,0,24,1,23,1,16,1,0,3,0,9,83,0,1,0,0,47,37,1,3,1,76,0,7,71,6,2907.5,3132.5,3496.25,3169.87,706.61,5,63,12,2,79,9.64,0.93,1,82,47,0,0,4,43,2,5,18,3,15,26,20,2,0,3,3,0,0,0,0,0,0,3,0,0,0,0,0,0,0,0,0,0,0,0,0,0,0,3.944,NA,65.68,9.26,0,0,0,35.71,35.71,0,35.71
2015,"MUNICIPIO",220020,17010,16451,7804,8647,4589,8385,3477,2329,4388,1930,NA,0.639,NA,NA,294,198,198,2,67,95,59,48,15,7,1,0,292,20,24,29,24.65,6.45,0,16,97,0,14,15,22,9,1,245,0,90,201,112,182,289,5,0,0,1,284,0,8,285,0,8,38,39,40,38.67,1.86,0,50,22,30,167,157,137,131,163,239,13,0,76,12,74,10,46,2,7,5,0,20,292,1,1,0,0,150,144,22,9,1,245,0,16,258,20,2945.5,3250,3600,3266.39,513.72,17,227,41,1,279,9.72,0.61,2,291,115,0,0,17,98,0,14,40,10,34,63,52,11,0,1,0,1,0,1,0,0,0,1,0,1,1,0,0,0,0,1,1,0,1,0,0,0,0,16.013,NA,67,6.76,340.14,22.79,22.79,3.4,0,3.4,3.4
2015,"MUNICIPIO",220025,7501,7341,3683,3658,1710,3984,1647,833,1996,829,NA,0.531,NA,NA,85,80,80,0,22,22,26,10,5,0,0,0,85,19,24,27,24.15,5.73,0,11,26,0,2,8,28,0,0,56,0,15,68,40,45,85,0,0,0,1,83,0,0,84,0,0,38,39,39,38.4,1.82,0,23,7,8,44,84,1,22,63,81,4,0,26,7,15,4,22,2,2,0,0,7,84,0,1,0,0,39,46,28,0,0,56,0,8,72,5,2806,3100,3500,3136.8,555.81,7,69,8,2,83,9.46,0.91,1,84,47,0,0,6,41,2,2,25,4,8,29,18,0,0,1,0,1,0,0,1,0,0,0,0,0,0,0,0,0,0,0,0,0,0,0,0,0,0,3.316,NA,42.59,6.27,0,0,0,11.76,0,11.76,11.76
2015,"MUNICIPIO",220027,4832,5153,2556,2597,1356,2789,1008,673,1390,534,NA,0.585,NA,NA,71,58,58,0,19,22,15,13,2,0,0,0,71,19,23,27,23.93,5.52,0,14,19,0,4,7,16,1,0,53,0,33,37,31,40,65,6,0,0,0,70,0,1,70,0,1,38,38,39,38.28,1.61,0,19,5,7,35,71,0,16,55,67,2,0,12,13,10,4,19,0,0,6,0,5,71,0,0,0,0,30,41,16,1,0,53,0,1,66,4,2972.5,3200,3455,3246.94,419.18,1,58,6,3,68,9.01,1.29,1,70,40,0,0,14,26,2,6,5,6,7,16,24,5,0,0,0,0,0,0,0,0,0,0,0,0,0,0,0,0,0,0,0,0,0,0,0,0,0,4.832,NA,51.08,8.28,0,0,0,0,0,0,0
2015,"MUNICIPIO",220030,14006,13646,6958,6688,3415,6972,3259,1558,3472,1658,NA,0.585,NA,NA,129,91,91,4,30,30,41,14,8,2,0,0,125,19,25,28,24.43,6.31,1,11,46,0,4,5,12,10,0,101,0,36,93,69,60,128,1,0,0,0,118,0,8,118,0,8,38,39,40,39,1.89,0,22,14,19,55,128,1,77,52,117,5,0,48,8,29,2,16,2,3,1,0,10,126,3,0,0,0,63,66,12,10,0,102,0,7,116,6,2900,3175,3490,3176.67,524.88,11,103,7,3,123,9.73,0.88,1,126,85,0,0,11,74,1,11,26,5,31,54,31,3,0,0,0,0,0,0,0,0,0,0,0,0,0,0,0,0,0,0,0,0,0,0,0,0,0,4.449,NA,37.15,6.07,0,0,0,0,0,0,0
2015,"MUNICIPIO",220040,39715,38822,19116,19706,10380,20625,7817,5053,10504,4149,NA,0.614,NA,NA,626,426,426,12,126,169,171,86,48,14,0,0,614,20,25,29,25.21,6.59,5,66,209,0,28,37,37,22,2,527,0,159,457,256,370,617,7,0,0,4,586,0,29,590,0,29,38,39,40,38.85,1.98,0,152,89,51,226,588,38,334,292,587,12,2,185,22,176,18,121,7,5,7,2,53,595,28,2,1,0,343,283,39,22,2,533,0,44,551,31,2930,3225,3548.75,3213.59,525.7,41,494,63,4,581,9.74,0.69,5,610,274,0,0,34,240,10,42,93,26,69,157,117,10,0,4,4,0,0,1,1,0,0,2,0,2,1,1,0,0,0,2,2,0,0,0,1,1,0,21.311,2.19,59.6,6.9,319.49,19.04,19.04,6.39,6.39,0,6.39
2015,"MUNICIPIO",220045,5278,5050,2648,2402,1654,2549,847,781,1201,420,NA,0.578,NA,NA,84,48,48,2,20,27,20,10,5,0,0,0,82,19,23.5,28,23.94,5.69,0,8,30,0,1,4,13,3,0,68,0,33,51,29,55,84,0,0,0,1,81,0,2,82,0,2,38,39,40,38.89,1.88,0,13,4,8,59,84,0,31,53,80,4,0,11,16,19,6,23,0,4,0,0,5,84,0,0,0,0,44,40,13,3,0,68,0,2,79,3,2944,3152,3535,3225.63,419.7,5,70,8,3,45,8.96,2.17,0,84,18,0,0,5,13,1,1,5,2,4,13,5,0,0,0,0,0,0,0,0,0,0,0,0,0,0,0,0,0,0,0,0,0,0,0,0,0,0,3.954,NA,69.94,3.41,0,0,0,0,0,0,0
2015,"MUNICIPIO",220050,17312,17135,8317,8818,4682,8534,3919,2337,4378,2103,NA,0.598,NA,NA,309,234,234,7,67,81,75,55,17,6,1,0,302,20,24,30,25.05,6.57,10,40,100,0,3,17,11,45,3,234,0,122,179,112,197,301,6,0,1,1,287,0,20,289,0,20,38,39,40,38.83,2.32,0,91,47,36,99,196,113,202,107,294,6,1,72,20,95,18,45,2,4,6,1,38,308,1,0,0,0,164,144,11,45,3,234,0,22,256,31,3000,3300,3600,3287.83,567.28,18,234,46,3,304,9.55,0.95,1,303,120,0,0,19,101,4,18,50,5,24,71,49,2,0,3,3,0,0,0,0,0,0,3,0,0,0,0,0,0,0,0,0,0,0,0,0,0,0,10.34,NA,70.58,6.93,0,0,0,9.71,9.71,0,9.71
2015,"MUNICIPIO",220060,6692,6672,3235,3437,1699,3253,1720,826,1678,933,NA,0.63,NA,NA,90,58,58,1,20,15,25,19,7,3,0,0,89,20,26,31,26.01,6.87,4,5,29,0,2,6,5,7,0,69,1,26,61,21,69,88,2,0,1,1,78,0,9,80,0,9,38,39,40,38.91,2.72,0,23,6,13,34,90,0,55,35,82,1,1,17,2,34,4,15,0,1,1,1,8,90,0,0,0,0,47,43,5,7,0,69,1,6,76,8,2897.5,3337.5,3682.5,3269.22,616.9,6,63,14,1,83,9.77,0.84,0,88,43,0,0,7,36,1,6,14,3,12,21,22,1,0,0,0,0,0,0,0,0,0,0,0,0,0,0,0,0,0,0,0,0,0,0,0,0,0,4.811,NA,53.64,6.43,0,0,0,0,0,0,0
2015,"MUNICIPIO",220070,9597,9098,4642,4456,2613,4958,1527,1257,2424,775,NA,0.594,NA,NA,144,113,113,2,45,45,25,19,4,4,0,0,142,18.75,22,27,23.41,6.25,3,11,54,0,3,7,6,4,0,132,0,40,102,70,74,142,2,0,0,1,141,0,2,142,0,2,38,39,40,38.75,1.63,0,30,5,16,91,144,0,44,100,137,5,1,60,2,38,4,25,2,1,2,1,8,143,1,0,0,0,74,70,6,4,0,132,0,5,129,10,3047.5,3250,3657.25,3301.6,471.86,6,114,22,0,120,9.43,0.67,1,143,40,0,0,5,35,2,4,15,3,11,19,21,5,0,1,1,0,0,0,0,0,0,1,0,1,0,0,0,0,1,0,0,0,0,0,0,0,0,6.086,NA,59.41,4.17,0,41.25,0,6.94,6.94,0,6.94
2015,"MUNICIPIO",220080,3103,3039,1558,1481,809,1561,669,396,754,331,NA,0.62,NA,NA,35,24,24,0,4,12,13,4,1,0,1,0,35,21,25,28.5,25.11,5.9,0,2,13,0,3,1,0,0,1,31,0,15,19,10,25,35,0,0,1,0,33,0,1,34,0,1,38,39,40,38.43,3.02,0,3,2,1,27,34,1,19,16,35,0,0,7,1,11,3,6,0,0,0,0,7,34,1,0,0,0,16,19,0,0,1,31,0,4,30,1,3023.5,3230,3439,3166.29,638.27,2,29,3,0,29,9.48,0.69,0,35,17,0,0,1,16,1,3,6,2,4,12,5,1,0,0,0,0,0,0,0,0,0,0,0,0,0,0,0,0,0,0,0,0,0,0,0,0,0,2.966,NA,46.42,5.48,0,0,0,0,0,0,0
2015,"MUNICIPIO",220090,5763,5779,2863,2916,1470,2880,1429,756,1419,741,NA,0.583,NA,NA,75,64,64,0,14,23,13,17,6,2,0,0,75,21,25,31,25.81,6.67,1,11,16,0,2,6,7,2,0,65,0,28,47,33,42,73,2,0,1,0,63,0,9,64,0,9,38,40,40,39.32,2.42,0,21,3,7,43,72,3,38,37,72,2,0,29,1,24,2,11,0,2,2,0,1,74,0,1,0,0,39,36,7,2,0,65,0,4,67,4,3052.5,3300,3650,3289.13,506.91,2,58,8,0,73,9.93,0.3,0,75,36,0,0,2,34,0,6,13,3,12,23,13,0,0,0,0,0,0,0,0,0,0,0,0,0,0,0,0,0,0,0,0,0,0,0,0,0,0,4.192,NA,52.85,6.25,0,0,0,0,0,0,0
2015,"MUNICIPIO",220095,2460,2440,1273,1167,535,1300,605,240,621,306,NA,0.519,NA,NA,42,38,38,0,8,15,13,4,2,0,0,0,42,21,24,27,24.55,4.96,0,5,12,0,0,0,8,1,0,32,0,19,23,16,26,40,2,0,0,0,42,0,0,42,0,0,38,39,40,38.45,1.88,0,11,5,4,19,42,0,10,32,38,3,0,9,6,5,2,15,1,1,2,0,1,42,0,0,0,0,20,22,8,1,0,32,0,3,38,1,2785,3185,3472.5,3123.52,546.23,2,34,4,1,41,8.86,1.12,0,42,17,0,0,5,12,0,3,3,2,4,12,5,0,0,1,1,0,0,0,0,0,0,1,0,0,0,0,0,0,0,0,0,0,0,0,0,0,0,NA,NA,67.63,6.91,0,0,0,23.81,23.81,0,23.81
2015,"MUNICIPIO",220100,4670,4688,2316,2372,1366,2367,955,647,1204,521,NA,0.56,NA,NA,54,45,45,2,12,15,15,8,1,1,0,0,52,19.25,23,29,23.96,6.14,0,7,17,0,1,4,1,1,1,46,0,29,25,28,26,54,0,0,0,0,51,0,3,51,0,3,38,39,41,39.04,2,0,8,6,1,36,54,0,29,25,53,1,0,22,4,12,1,9,0,1,0,0,5,54,0,0,0,0,26,28,1,1,1,46,0,6,46,2,2872.5,3130,3491,3157.59,498.03,5,46,2,3,51,9.26,1.54,1,53,28,0,0,5,23,0,2,11,4,6,16,12,1,0,1,1,0,0,0,0,0,0,1,0,0,0,0,0,0,0,0,0,0,0,0,0,0,0,1.68,NA,44.85,6,0,0,0,18.52,18.52,0,18.52
2015,"MUNICIPIO",220105,7686,7503,3825,3678,2613,3658,1232,1224,1826,628,NA,0.499,NA,NA,151,105,105,3,34,43,35,17,14,5,0,0,148,20,24,29,25.04,6.94,8,29,64,0,2,1,12,13,0,121,0,57,86,44,107,143,8,0,0,0,139,0,12,139,0,12,38,39,40,38.78,2.23,0,33,9,17,74,146,5,116,35,140,8,0,30,3,58,13,14,3,3,8,0,16,141,7,2,1,0,75,76,12,13,0,122,0,12,128,11,3000,3270,3617.5,3217.88,608.09,15,103,22,0,136,9.85,0.41,0,150,32,0,0,5,27,0,1,11,3,12,19,13,3,0,6,6,0,0,0,0,0,0,6,0,1,0,0,0,0,1,0,0,0,0,0,0,0,0,3.378,NA,82.69,4.16,0,54.76,0,39.74,39.74,0,39.74
2015,"MUNICIPIO",220110,11433,11067,5581,5486,3220,5649,2198,1552,2811,1123,NA,0.554,NA,NA,159,77,77,4,48,48,28,18,11,2,0,0,155,18,21,27,23.4,6.6,2,15,62,0,3,4,10,3,0,126,0,47,108,60,99,157,2,0,0,1,141,0,16,142,0,16,38,39,41,39.34,2.07,0,33,19,26,59,108,51,83,76,131,6,1,40,10,31,12,28,1,5,2,1,7,152,7,0,0,0,93,66,10,3,0,144,0,9,134,16,3064,3360,3662.5,3337.72,494.52,12,117,18,0,118,9.42,0.54,0,152,69,0,0,3,66,3,6,31,9,17,41,28,1,0,3,2,1,0,0,1,0,0,2,0,0,0,0,0,0,0,0,0,0,0,0,0,0,0,7.873,NA,56.56,6.04,0,0,0,18.87,12.58,6.29,18.87
2015,"MUNICIPIO",220115,11218,10516,5468,5048,3674,5507,1335,1769,2629,650,NA,0.564,NA,NA,283,207,207,6,90,79,63,31,11,3,0,0,277,18,22,27,23.07,6,1,35,108,0,14,13,37,28,2,201,0,83,196,108,175,274,9,0,0,5,267,0,7,272,0,7,38,39,40,38.55,2.2,0,82,45,44,105,67,216,131,152,263,7,0,76,12,88,12,43,2,3,9,0,22,277,4,2,0,0,157,126,37,28,2,201,0,19,224,40,2987.5,3300,3700,3318.5,590.26,11,203,52,4,236,9.53,1.07,1,282,51,0,0,12,39,0,1,21,2,15,37,14,4,0,2,1,1,0,0,0,1,0,0,0,0,0,0,0,0,0,0,0,0,0,0,0,0,0,6.481,NA,107.65,4.55,0,0,0,7.07,3.53,3.53,7.07
2015,"MUNICIPIO",220117,3887,3852,1821,2031,1027,1928,897,556,996,479,NA,0.577,NA,NA,44,37,37,2,10,7,12,11,2,0,0,0,42,19,26.5,30.25,25.05,6.32,0,8,14,0,1,1,3,1,0,40,0,17,27,16,28,42,2,0,0,0,41,0,2,41,0,2,38,39,40,38.88,2.27,0,12,3,4,24,44,0,24,20,43,1,0,11,0,17,1,9,1,0,2,0,2,44,0,0,0,0,24,20,3,1,0,40,0,8,32,4,2843.75,3180,3512.5,3154.32,671.71,4,31,4,0,43,9.93,0.26,0,44,31,0,0,1,30,0,3,20,4,3,15,16,0,0,0,0,0,0,0,0,0,0,0,0,0,0,0,0,0,0,0,0,0,0,0,0,0,0,NA,NA,44.18,7.98,0,0,0,0,0,0,0
2015,"MUNICIPIO",220120,46072,44850,22566,22284,13168,23389,8293,6363,11623,4298,NA,0.595,NA,NA,780,621,621,6,172,237,206,115,27,15,2,0,774,20,24,29,24.66,5.97,13,98,297,0,15,39,28,18,2,702,0,138,630,275,505,765,13,0,1,9,699,0,63,709,0,63,38,39,40,38.98,2.32,0,159,66,88,395,389,391,520,260,731,29,0,199,23,265,14,139,13,14,14,0,76,765,11,2,2,0,402,378,28,18,2,702,0,50,667,63,3000,3350,3650,3307.58,522.23,36,601,100,37,727,9.35,1.8,2,773,266,0,0,32,234,11,34,77,27,85,150,115,15,0,11,11,0,0,1,1,0,0,8,0,2,1,0,0,1,0,2,2,0,0,1,0,0,0,21.861,NA,67.11,5.77,256.41,17.21,17.21,14.1,14.1,0,14.1
2015,"MUNICIPIO",220130,3287,3234,1690,1544,1014,1614,606,504,731,309,NA,0.557,NA,NA,34,10,10,0,11,6,9,6,1,1,0,0,34,18.25,24.5,28.75,24.74,6.79,0,4,11,0,1,3,0,4,0,30,0,9,25,15,19,32,2,0,0,1,29,0,3,30,0,3,38,39,40,38.88,2.22,0,12,3,3,15,32,2,23,11,32,2,0,9,2,12,1,3,2,0,2,0,2,32,0,2,0,0,19,15,0,4,0,30,0,3,25,5,3000,3350,3700,3357.18,567,1,24,5,0,12,9.58,0.67,1,33,17,0,0,3,14,1,1,3,2,7,11,6,3,0,1,1,0,0,0,0,0,0,1,0,0,0,0,0,0,0,0,0,0,0,0,0,0,0,2.143,NA,46.51,5.17,0,0,0,29.41,29.41,0,29.41
2015,"MUNICIPIO",220140,6935,6607,3230,3377,1829,3370,1408,869,1720,788,NA,0.612,NA,NA,92,70,70,2,29,19,23,12,7,0,0,0,90,19,23.5,28,24.05,6.59,0,4,30,0,1,6,8,6,0,72,0,27,63,41,51,92,0,0,0,0,89,0,3,89,0,3,38,39,40,38.66,2.18,0,23,4,7,41,85,7,53,39,85,1,0,31,3,20,2,16,1,0,0,0,13,90,0,1,1,0,42,50,10,6,0,75,0,9,79,4,2807.5,3115,3501.25,3096.27,529.35,9,71,6,1,89,9.67,0.75,1,90,46,0,0,5,41,0,4,19,6,12,29,17,0,0,3,3,0,0,0,0,0,0,1,0,0,0,0,0,0,0,0,0,0,0,0,0,0,0,6.107,5.027,53.49,6.63,0,0,0,32.61,32.61,0,32.61
2015,"MUNICIPIO",220150,26331,25774,13048,12726,7342,13395,5037,3503,6638,2585,NA,0.545,NA,NA,378,327,327,2,86,105,97,63,21,2,2,0,376,20,24,29,24.8,6.13,7,54,156,0,10,9,24,16,1,320,0,63,307,151,227,374,2,0,1,3,348,0,25,352,0,25,38,39,40,38.85,2.28,0,83,34,43,200,296,82,214,164,355,11,2,111,16,121,10,60,4,7,2,2,34,372,1,4,1,0,198,180,24,16,1,320,0,25,334,19,2900,3200,3500,3203.25,545.92,35,296,39,7,367,9.35,0.96,3,365,143,0,0,16,127,1,18,62,9,37,80,63,8,0,2,2,0,0,0,0,0,0,2,0,0,0,0,0,0,0,0,0,0,0,0,0,0,0,12.527,NA,56.94,5.43,0,0,0,5.29,5.29,0,5.29
2015,"MUNICIPIO",220155,3919,3778,1936,1842,1066,2079,633,544,984,314,NA,0.576,NA,NA,50,46,46,0,9,15,15,9,2,0,0,0,50,20,25,28,24.86,5.72,0,4,12,0,3,4,20,0,0,29,0,6,43,22,28,48,2,0,1,4,42,0,3,47,0,3,38,39,40,38.2,3.73,0,14,3,3,30,50,0,27,23,48,1,1,19,1,14,1,6,1,0,1,1,6,50,0,0,0,0,21,27,20,0,0,29,0,9,41,0,2570,2952.5,3172.5,2775,740.41,11,35,1,1,48,9.45,0.82,1,48,32,0,0,2,30,0,3,11,1,15,15,15,2,0,5,5,0,0,0,1,0,0,4,0,0,0,0,0,0,0,0,0,0,0,0,0,0,0,NA,NA,50.81,8.17,0,0,0,100,100,0,100
2015,"MUNICIPIO",220157,3464,3284,1682,1602,828,1802,654,402,862,338,NA,0.551,NA,NA,36,34,34,0,5,11,10,8,1,1,0,0,36,22.75,25,30.25,26,5.95,1,7,5,0,1,2,3,2,0,31,0,15,21,12,24,36,0,0,0,1,35,0,0,36,0,0,38,39,39,38,2.06,0,11,1,6,16,36,0,12,24,35,1,0,7,4,8,3,7,0,1,0,0,6,36,0,0,0,0,19,17,3,2,0,31,0,3,31,2,2975,3200,3302.5,3138.31,519.28,0,33,3,0,35,8.83,1.15,0,35,13,0,0,1,12,0,2,4,1,5,8,5,1,0,1,1,0,0,0,0,0,0,1,0,0,0,0,0,0,0,0,0,0,0,0,0,0,0,2.148,NA,41.76,3.75,0,0,0,27.78,27.78,0,27.78
2015,"MUNICIPIO",220160,10027,9911,5014,4897,2567,5010,2334,1285,2400,1212,NA,0.557,NA,NA,143,82,82,3,38,42,26,27,5,2,0,0,140,19,23,29,23.99,6.2,0,11,54,0,9,6,12,15,0,106,0,43,93,65,78,139,4,0,0,0,132,0,8,132,0,8,38,39,40,39.11,1.81,0,29,6,8,72,128,15,80,63,135,5,0,46,8,35,9,25,2,2,4,0,7,127,16,0,0,0,74,69,12,15,0,106,0,11,123,9,2902.5,3210,3545,3214.45,514.8,6,112,12,1,126,9.69,0.66,1,139,52,0,0,3,49,3,7,21,4,14,33,19,2,0,0,0,0,0,0,0,0,0,0,0,0,0,0,0,0,0,0,0,0,0,0,0,0,0,6.255,NA,59.58,5.19,0,0,0,0,0,0,0
2015,"MUNICIPIO",220170,5402,5319,2679,2640,1476,2701,1142,719,1309,612,NA,0.612,NA,NA,83,71,71,0,14,28,25,12,3,1,0,0,83,21,24,29,24.88,5.57,3,5,28,0,5,14,6,4,0,67,0,35,48,30,53,83,0,0,0,0,76,0,6,76,0,6,38,39,40,38.83,1.73,0,18,13,9,39,83,0,28,55,81,0,0,22,6,19,4,25,0,0,0,0,4,83,0,0,0,0,43,40,6,4,0,67,0,4,73,6,2909,3230,3628,3244.75,540.74,10,61,11,6,75,8.98,2.18,1,82,42,0,0,4,38,2,7,16,4,9,22,20,2,0,3,3,0,0,0,0,0,0,3,0,0,0,0,0,0,0,0,0,0,0,0,0,0,0,4.804,NA,63.41,7.77,0,0,0,36.14,36.14,0,36.14
2015,"MUNICIPIO",220173,6097,6015,3113,2902,1919,3118,978,945,1452,505,NA,0.489,NA,NA,117,59,59,2,31,28,32,15,8,1,0,0,115,19,24,29,24.3,6.26,0,25,48,0,0,6,14,6,2,64,0,44,72,50,67,115,2,0,0,2,103,0,10,105,0,10,38,39,40.5,39.11,2.12,0,29,8,9,56,112,5,56,61,96,10,2,35,5,35,0,13,3,5,2,2,8,112,1,4,0,0,58,59,14,6,2,64,0,8,98,11,2985,3260,3610,3259.98,570.78,7,92,12,2,76,9.22,1.31,2,111,33,0,0,4,29,1,1,15,2,10,17,16,6,0,2,2,0,0,0,0,0,0,2,0,1,0,0,1,0,0,1,1,0,0,0,1,0,0,NA,NA,80.58,5.41,854.7,68.87,68.87,17.09,17.09,0,17.09
2015,"MUNICIPIO",220177,6599,6296,3204,3092,1946,3243,1107,934,1623,535,NA,0.575,NA,NA,98,33,33,4,17,23,36,13,3,2,0,0,94,20.25,25,28,24.84,5.91,0,13,39,0,2,3,4,2,1,88,0,23,71,35,63,94,4,0,1,1,90,0,6,92,0,6,38,39,40,38.72,2.54,0,22,8,14,50,97,1,59,39,92,2,0,25,2,36,5,11,0,1,4,0,10,48,50,0,0,0,49,49,4,2,1,88,0,11,79,8,2922.5,3250,3500,3168.51,629.95,11,67,15,0,48,9.77,0.69,1,95,28,0,0,4,24,0,4,14,1,5,15,13,3,0,2,2,0,0,0,1,0,0,1,0,0,0,0,0,0,0,0,0,0,0,0,0,0,0,3.5,NA,60.38,4.24,0,0,0,20.41,20.41,0,20.41
2015,"MUNICIPIO",220180,4436,4369,2149,2220,962,2230,1177,463,1129,628,NA,0.632,NA,NA,38,38,38,0,6,7,10,12,3,0,0,0,38,22,27,31,26.76,5.86,2,7,12,0,0,1,7,0,0,31,0,15,23,17,21,38,0,0,0,0,38,0,0,38,0,0,38,38.5,39,38.63,1.22,0,7,7,5,19,38,0,6,32,32,6,0,9,6,3,5,7,2,4,0,0,2,38,0,0,0,0,19,19,7,0,0,31,0,1,36,1,2922.5,3338,3590,3279.53,415.07,1,34,3,3,35,8.63,1.34,1,37,48,0,0,4,44,0,8,18,7,11,30,18,2,0,3,3,0,0,1,0,0,0,3,0,1,1,0,0,0,0,1,1,0,0,0,0,0,1,2.355,NA,33.66,10.82,2631.58,88.57,88.57,78.95,78.95,0,78.95
2015,"MUNICIPIO",220190,24327,22629,11303,11326,6642,12700,3287,3264,6357,1705,NA,0.668,NA,NA,482,260,260,7,109,125,119,82,33,7,0,0,475,20,24.5,30,24.98,6.43,3,35,141,0,29,71,64,23,0,390,0,134,346,221,261,471,11,2,1,2,470,0,6,475,0,6,38,39,40,38.48,2.18,0,82,33,38,324,52,430,137,345,459,20,1,100,90,81,33,110,7,10,11,1,36,480,2,0,0,0,255,227,64,23,0,390,0,40,416,26,2893.5,3199,3520,3181.38,551.93,34,381,49,2,278,9.49,0.89,3,479,101,0,0,11,90,2,17,35,7,29,64,37,9,0,2,1,1,0,0,1,1,0,0,0,0,0,0,0,0,0,0,0,0,0,0,0,0,0,23.447,NA,75.82,4.15,0,0,0,4.15,2.07,2.07,4.15
2015,"MUNICIPIO",220191,5497,5304,2747,2557,1541,2784,979,790,1315,452,NA,0.532,NA,NA,97,84,84,2,27,28,19,11,8,2,0,0,95,19,23,27,23.93,6.56,0,14,46,0,3,2,16,3,0,74,0,13,83,37,60,95,2,0,0,0,91,0,6,91,0,6,37,39,40,38.57,1.85,0,30,12,16,34,97,0,63,34,94,3,0,21,11,34,3,11,1,2,2,0,12,96,0,1,0,0,50,47,16,3,0,74,0,6,87,4,2920,3300,3510,3239.16,463.32,3,80,12,1,94,9.73,0.88,0,97,34,0,0,3,31,1,10,13,1,6,17,17,2,0,0,0,0,0,0,0,0,0,0,0,0,0,0,0,0,0,0,0,0,0,0,0,0,0,NA,NA,73.76,6.19,0,0,0,0,0,0,0
2015,"MUNICIPIO",220192,5549,5393,2693,2700,1466,2832,1095,728,1398,574,NA,0.542,NA,NA,79,57,57,0,24,19,22,7,6,1,0,0,79,19,24,28,24.24,6.32,0,9,35,0,2,1,3,1,0,75,0,22,57,34,45,77,2,0,0,1,75,0,3,76,0,3,37,39,40,38.68,1.92,0,23,4,8,43,79,0,25,54,73,4,2,26,1,25,2,11,3,1,2,2,6,79,0,0,0,0,39,40,3,1,0,75,0,4,70,5,2907.5,3150,3550,3206.91,484.24,10,57,9,1,60,9.36,1.24,0,78,26,0,0,3,23,0,6,7,4,6,19,7,1,0,0,0,0,0,0,0,0,0,0,0,0,0,0,0,0,0,0,0,0,0,0,0,0,0,1.436,NA,56.51,4.69,0,0,0,0,0,0,0
2015,"MUNICIPIO",220194,6380,6193,3079,3114,1708,3061,1424,871,1530,713,NA,0.56,NA,NA,122,22,22,3,24,32,35,20,4,3,1,0,119,20,25,29,25.13,6.46,0,11,51,0,4,3,3,0,1,115,0,27,91,43,79,122,0,0,1,0,114,0,5,115,0,5,38,39,40,39.12,1.91,0,36,4,24,52,122,0,76,46,119,1,0,31,5,52,4,19,1,0,0,0,6,33,89,0,0,0,61,61,3,0,1,115,0,5,106,11,3035,3400,3600,3335.8,503.41,8,96,16,0,32,9.53,0.8,0,121,45,0,0,4,41,1,3,18,6,13,22,23,1,0,3,3,0,0,0,0,0,0,3,0,0,0,0,0,0,0,0,0,0,0,0,0,0,0,NA,NA,79.74,7.05,0,0,0,24.59,24.59,0,24.59
2015,"MUNICIPIO",220196,8159,7966,4075,3891,2074,4197,1695,1028,2035,828,NA,0.577,NA,NA,113,81,81,0,21,29,37,11,12,3,0,0,113,21,25,29,25.73,6.47,3,8,39,0,5,8,9,2,0,87,0,15,94,45,68,109,4,0,1,0,103,0,9,104,0,9,38,39,40,38.83,2.26,0,22,10,15,63,113,0,56,57,111,1,0,42,0,40,0,15,0,1,4,0,10,113,0,0,0,0,55,58,9,2,0,87,0,6,102,5,2900,3132,3440,3149.31,530.8,6,94,6,1,112,9.63,0.83,1,109,32,0,0,0,32,2,5,14,4,7,17,15,5,0,1,1,0,0,0,0,0,0,1,0,1,0,0,0,1,0,1,1,0,0,1,0,0,0,5.329,NA,55.53,3.92,884.96,49.14,49.14,8.85,8.85,0,8.85
2015,"MUNICIPIO",220198,3871,3850,1944,1906,1114,1985,751,580,954,372,NA,0.515,NA,NA,47,39,39,1,16,13,10,7,0,0,0,0,46,19,22,27.5,22.94,5.35,0,8,17,0,0,4,1,3,1,42,0,17,30,17,30,47,0,0,0,0,46,0,1,46,0,1,38,39,40,39.09,1.63,0,8,0,7,30,46,1,19,28,45,2,0,14,2,11,2,13,1,1,0,0,3,46,0,1,0,0,24,23,1,3,1,42,0,2,41,4,3042.5,3250,3563,3307.6,419.56,2,39,5,0,43,9.4,0.73,1,45,20,0,0,1,19,0,4,10,1,4,11,9,1,0,0,0,0,0,0,0,0,0,0,0,0,0,0,0,0,0,0,0,0,0,0,0,0,0,2.033,NA,49.27,5.17,0,0,0,0,0,0,0
2015,"MUNICIPIO",220200,19415,19074,9622,9452,5533,9941,3600,2717,4882,1853,NA,0.565,NA,NA,348,276,276,4,73,110,83,58,17,3,0,0,344,20,24,29,24.63,5.9,0,42,114,0,9,22,43,15,0,263,0,109,237,134,214,337,8,0,1,5,313,0,28,319,0,28,38,39,40,38.82,2.46,0,117,56,39,117,339,9,224,124,333,9,1,91,23,116,11,58,4,4,11,1,24,338,2,6,2,0,177,171,43,15,0,264,0,25,300,22,3030,3310,3600,3275.52,563.63,10,283,37,8,326,9.57,0.96,2,346,115,0,0,11,104,5,17,27,13,42,68,47,5,0,4,4,0,0,0,0,0,0,4,0,0,0,0,0,0,0,0,0,0,0,0,0,0,0,13.938,NA,71.28,5.92,0,0,0,11.49,11.49,0,11.49
2015,"MUNICIPIO",220202,8188,7974,4145,3829,2300,4115,1559,1126,1948,755,NA,0.574,NA,NA,87,47,47,0,13,22,19,13,13,6,1,0,87,22,27,33.5,27.68,7.5,2,19,29,0,2,4,0,0,1,84,0,26,61,19,68,83,4,0,0,0,82,0,4,82,0,4,37,39,40,38.57,1.98,0,21,5,7,48,80,7,51,36,80,5,0,13,4,23,8,20,0,4,4,0,9,82,1,3,1,0,49,38,0,0,1,84,0,8,75,3,2900,3252.5,3560,3216.63,496.01,4,68,9,2,57,9.25,1.5,0,86,41,0,0,3,38,0,4,24,2,8,27,14,2,0,1,1,0,0,0,0,0,0,0,0,0,0,0,0,0,0,0,0,0,0,0,0,0,0,5.598,NA,44.66,5.01,0,0,0,11.49,11.49,0,11.49
2015,"MUNICIPIO",220205,10325,9928,5094,4834,2581,5203,2144,1217,2550,1067,NA,0.583,NA,NA,140,41,41,0,23,45,33,22,14,3,0,0,140,21,25,30,25.89,6.21,0,14,49,0,4,8,3,4,0,132,0,22,114,52,88,139,1,0,1,0,136,0,3,137,0,3,38,39,40,38.96,1.99,0,24,9,21,77,140,0,81,59,134,4,1,47,1,46,3,26,0,4,1,1,10,52,88,0,0,0,66,74,3,4,0,132,0,13,117,10,2937.5,3297,3600,3202.56,625.67,15,109,15,2,50,9.67,0.83,1,139,56,0,0,6,50,2,6,19,4,19,33,23,4,0,1,1,0,0,0,0,0,0,0,0,0,0,0,0,0,0,0,0,0,0,0,0,0,0,2.188,NA,54.9,5.42,0,0,0,7.14,7.14,0,7.14
2015,"MUNICIPIO",220207,3471,3343,1698,1645,942,1703,698,471,815,359,NA,0.562,NA,NA,41,38,38,1,14,11,8,3,3,1,0,0,40,18,23,26,23.49,6.8,1,2,18,0,3,0,2,2,0,37,0,13,28,17,24,41,0,0,0,0,37,0,4,37,0,4,38,39,40,39.2,2.44,0,9,2,5,24,41,0,20,21,40,1,0,13,2,13,0,9,0,1,0,0,3,41,0,0,0,0,15,26,2,2,0,37,0,2,35,4,3085,3340,3520,3325.98,486.7,2,31,6,0,41,9.49,0.75,0,41,21,0,0,2,19,0,2,11,2,4,12,9,1,0,0,0,0,0,0,0,0,0,0,0,0,0,0,0,0,0,0,0,0,0,0,0,0,0,NA,NA,50.31,6.05,0,0,0,0,0,0,0
2015,"MUNICIPIO",220208,7451,7163,3742,3421,2012,3825,1326,979,1769,673,NA,0.546,NA,NA,93,70,70,1,23,28,23,13,4,1,0,0,92,19,24,28,24.22,6.16,1,13,41,0,2,2,12,6,0,66,0,15,75,41,52,93,0,0,0,1,83,0,7,84,0,7,38,39,40,38.87,2.31,0,32,5,11,37,91,2,67,26,87,2,1,26,10,30,3,6,1,1,0,1,11,91,0,2,0,0,44,49,12,6,0,66,0,5,84,4,2945,3310,3600,3272.97,502.62,1,79,9,2,86,9.53,0.95,0,91,38,0,0,6,32,4,4,6,4,14,19,19,3,0,2,2,0,0,0,0,0,0,1,0,0,0,0,0,0,0,0,0,0,0,0,0,0,0,NA,NA,52.57,5.1,0,0,0,21.51,21.51,0,21.51
2015,"MUNICIPIO",220209,5674,5671,2845,2826,1682,2900,1089,815,1444,567,NA,0.588,NA,NA,76,69,69,0,16,19,13,15,10,2,1,0,76,20,26.5,32.25,26.58,7.45,3,12,30,0,0,5,14,1,0,60,0,20,56,28,48,74,2,0,0,0,73,0,3,73,0,3,38,39,40,38.82,1.57,0,19,1,3,49,76,0,33,43,73,1,2,18,8,26,4,11,0,1,1,2,5,76,0,0,0,0,38,38,14,1,0,60,0,6,68,2,2882.5,3165,3442.5,3143.13,431.27,3,68,3,1,74,9.4,0.87,0,76,32,0,0,8,24,1,5,6,1,11,23,9,1,0,3,2,1,0,0,0,0,0,2,0,0,0,0,0,0,0,0,0,0,0,0,0,0,0,NA,NA,52.63,5.64,0,0,0,39.47,26.32,13.16,39.47
2015,"MUNICIPIO",220210,5507,5408,2710,2698,1499,2694,1215,707,1358,633,NA,0.544,NA,NA,57,45,45,2,9,23,10,11,1,1,0,0,55,20,23,29,24.47,6.02,0,7,20,0,1,8,2,6,0,45,0,15,41,18,39,57,0,0,0,0,48,0,7,48,0,7,39,40,40,39.62,1.72,0,17,2,9,23,55,2,26,31,53,1,0,17,1,18,1,14,0,1,0,0,2,55,0,2,0,0,29,28,2,6,0,48,0,4,47,6,2830,3050,3370,3175.6,519.04,6,40,5,0,57,9.63,0.64,0,56,42,0,0,6,36,2,4,13,4,13,26,16,3,0,0,0,0,0,1,0,0,0,0,0,1,1,0,0,0,0,1,1,0,0,0,1,0,0,2.259,NA,41.97,7.63,1754.39,73.64,73.64,0,0,0,0
2015,"MUNICIPIO",220211,4911,4693,2404,2289,1358,2565,770,649,1248,392,NA,0.537,NA,NA,67,63,63,0,14,21,19,8,5,0,0,0,67,20.5,24,29,24.96,5.84,1,6,39,0,0,0,13,5,1,48,0,33,34,34,33,65,2,0,0,1,65,0,1,66,0,1,38,39,40,38.73,1.9,0,21,2,3,40,67,0,29,38,66,1,0,25,4,18,0,10,0,0,2,0,8,67,0,0,0,0,31,36,13,5,1,48,0,10,54,3,2770,3150,3457.5,3088.06,545.23,11,51,3,1,66,9.33,0.81,1,65,29,0,0,3,26,0,2,13,3,8,13,16,2,0,1,1,0,0,0,0,0,0,1,0,0,0,0,0,0,0,0,0,0,0,0,0,0,0,NA,NA,53.69,5.91,0,0,0,14.93,14.93,0,14.93
2015,"MUNICIPIO",220213,5801,5592,2839,2753,1462,3058,1072,740,1487,526,NA,0.56,NA,NA,99,94,94,3,23,36,24,11,1,1,0,0,96,19,23,26,23.22,5.1,0,5,30,0,2,8,7,1,0,91,0,47,52,42,57,97,2,0,0,1,96,0,2,97,0,2,38,39,39,38.61,1.53,0,22,4,12,59,99,0,19,80,98,1,0,20,18,11,8,32,0,1,2,0,7,99,0,0,0,0,52,47,7,1,0,91,0,7,87,5,3000,3250,3525,3242.1,471,1,85,11,3,95,9.11,1.14,0,99,31,0,0,3,28,3,4,12,1,8,20,11,0,0,2,2,0,0,0,0,0,0,2,0,0,0,0,0,0,0,0,0,0,0,0,0,0,0,2.81,200,66.58,5.34,0,0,0,20.2,20.2,0,20.2
2015,"MUNICIPIO",220217,7094,6803,3466,3337,2316,3433,1054,1145,1658,534,NA,0.528,NA,NA,144,122,122,1,37,35,38,20,11,1,1,0,143,19,24,29,24.62,6.39,5,24,62,0,2,3,5,12,0,123,0,37,107,40,104,142,2,0,0,3,128,0,11,131,0,11,38,39,40.75,39.13,2.28,0,46,5,14,62,139,5,94,50,135,3,1,36,1,66,2,21,0,2,2,1,8,139,0,5,0,0,77,67,5,12,0,125,0,12,124,8,2941.25,3250,3512.5,3205.97,567.16,13,110,16,2,137,9.17,0.98,1,141,40,0,0,1,39,0,8,14,3,14,22,18,2,0,6,6,0,0,0,0,0,0,6,0,1,0,0,0,1,0,1,1,0,0,1,0,0,0,NA,NA,86.85,5.64,694.44,60.31,60.31,41.67,41.67,0,41.67
2015,"MUNICIPIO",220220,45971,45177,21781,23396,10463,24703,10011,5142,12749,5505,NA,0.656,NA,NA,629,154,154,4,115,185,143,130,46,6,0,0,625,20,25,30,25.48,6.09,4,65,190,0,21,74,32,2,0,583,0,133,481,256,373,622,6,1,6,3,598,0,18,608,0,18,38,39,40,38.47,2.31,0,123,52,96,320,201,428,314,315,602,14,1,168,52,185,22,105,4,9,6,1,64,201,426,1,1,0,310,319,32,2,0,583,0,42,546,41,2950,3250,3550,3226.13,566.82,33,510,73,3,196,9.61,1.08,1,623,313,0,0,33,280,10,46,116,30,78,175,137,15,0,4,3,1,0,1,0,1,0,3,0,1,1,0,0,0,0,1,1,0,0,0,0,0,0,45.971,NA,49.34,6.81,158.98,7.84,7.84,6.36,4.77,1.59,6.36
2015,"MUNICIPIO",220225,3904,3921,2029,1892,1162,1926,833,543,913,436,NA,0.583,NA,NA,44,35,35,0,11,10,11,9,3,0,0,0,44,19.75,25,30,25.11,6.1,0,0,16,0,2,2,2,2,0,38,0,26,17,14,30,44,0,0,0,0,41,0,1,41,0,1,38,39,40,38.69,1.89,0,6,5,5,24,38,6,23,21,42,1,0,12,0,10,1,14,0,1,0,0,3,39,0,5,0,0,24,20,2,2,0,38,0,4,36,4,2998,3284,3513,3264.39,534.26,4,31,7,1,42,9.53,0.8,1,43,13,0,0,2,11,0,1,4,1,5,8,5,1,0,0,0,0,0,0,0,0,0,0,0,0,0,0,0,0,0,0,0,0,0,0,0,0,0,2.064,NA,48.19,3.33,0,0,0,0,0,0,0
2015,"MUNICIPIO",220230,20700,20020,9954,10066,5413,10433,4174,2697,5175,2194,NA,0.576,NA,NA,289,226,226,6,86,68,58,48,19,4,0,0,283,19,23,29,24.24,6.75,9,34,102,0,14,20,29,10,0,235,0,91,193,104,185,283,6,0,0,3,277,0,9,280,0,9,38,39,40,38.77,2.12,0,55,30,40,144,116,173,107,182,272,13,1,67,16,69,11,76,5,8,6,1,27,289,0,0,0,0,146,143,29,10,0,235,0,20,248,21,3000,3294,3500,3235.26,537.92,21,224,34,2,268,9.37,0.97,1,282,112,0,0,17,95,2,8,41,18,26,70,42,2,0,2,2,0,0,0,0,0,0,1,0,1,0,0,0,1,0,1,1,0,0,1,0,0,0,13.866,NA,55.85,5.41,346.02,19.32,19.32,6.92,6.92,0,6.92
2015,"MUNICIPIO",220240,11239,10953,5438,5515,3035,5622,2296,1471,2864,1180,NA,0.583,NA,NA,145,68,68,1,31,44,30,22,13,4,0,0,144,20,24,30,25.29,6.57,0,21,46,0,5,8,11,2,0,122,0,24,118,66,79,140,5,0,1,1,137,0,6,139,0,6,38,39,40,38.68,2.09,0,18,5,12,103,145,0,79,66,142,2,0,54,6,44,4,20,0,2,5,0,9,92,53,0,0,0,82,63,11,2,0,122,0,14,125,6,3074,3274,3500,3207.34,536.27,13,116,10,1,88,9.61,0.97,0,144,49,0,0,5,44,0,6,23,4,11,33,16,2,0,1,1,0,0,0,0,0,0,1,0,0,0,0,0,0,0,0,0,0,0,0,0,0,0,5.143,NA,50.63,4.36,0,0,0,6.9,6.9,0,6.9
2015,"MUNICIPIO",220245,4008,3878,1999,1879,1102,2049,727,552,952,375,NA,0.553,NA,NA,49,49,49,4,18,11,7,5,4,0,0,0,45,17,21,27,22.49,6.77,1,3,17,0,0,3,2,2,0,45,0,33,16,23,26,49,0,0,0,0,49,0,0,49,0,0,39,40,40,39.37,1.18,0,22,2,2,23,49,0,27,22,49,0,0,23,0,20,1,4,0,0,0,0,1,49,0,0,0,0,22,27,2,2,0,45,0,1,44,4,3130,3450,3610,3390.71,445.5,2,40,7,0,49,9.49,0.65,0,49,23,0,0,2,21,0,4,7,7,3,12,11,3,0,0,0,0,0,0,0,0,0,0,0,0,0,0,0,0,0,0,0,0,0,0,0,0,0,1.201,NA,51.47,5.74,0,0,0,0,0,0,0
2015,"MUNICIPIO",220250,10641,10212,5202,5010,3101,5448,1663,1525,2635,850,NA,0.552,NA,NA,177,126,126,4,41,62,41,24,4,1,0,0,173,19,23,27,23.45,5.42,3,36,71,0,0,2,5,22,0,147,0,34,141,65,112,175,2,0,0,1,170,0,2,171,0,2,38,39,40,38.8,1.85,0,35,13,16,108,160,17,69,108,169,4,3,51,5,52,8,36,3,1,2,3,12,176,1,0,0,0,91,86,5,22,0,147,0,12,158,7,3000,3250,3550,3254.21,469.9,11,142,18,1,130,9.27,0.68,0,177,48,0,0,3,45,5,8,11,5,16,26,22,5,0,2,2,0,0,0,0,1,0,1,0,0,0,0,0,0,0,0,0,0,0,0,0,0,0,3.109,NA,67.17,4.51,0,0,0,11.3,11.3,0,11.3
2015,"MUNICIPIO",220253,5728,5525,2837,2688,1697,2804,1024,863,1328,497,NA,0.505,NA,NA,60,45,45,0,16,12,12,15,5,0,0,0,60,19,25,31,25.45,6.33,0,12,26,0,2,1,6,6,0,41,0,15,42,23,37,59,1,0,0,1,53,0,6,54,0,6,38,39,40,38.85,2.36,0,26,6,4,20,60,0,47,13,59,1,0,16,3,24,1,4,0,1,1,0,10,59,0,0,1,0,35,25,6,6,0,41,0,8,47,5,2822.5,3270,3547.5,3193.27,615.58,5,49,5,2,57,9.59,1.35,2,58,35,0,0,8,27,2,8,7,5,5,26,9,1,0,3,3,0,0,0,0,0,0,2,0,0,0,0,0,0,0,0,0,0,0,0,0,0,0,3.572,NA,45.18,6.11,0,0,0,50,50,0,50
2015,"MUNICIPIO",220255,4994,4826,2500,2326,1426,2587,813,706,1221,399,NA,0.541,NA,NA,81,76,76,2,22,17,21,9,8,2,0,0,79,19,24,29,24.62,6.91,2,5,36,0,2,4,14,0,0,67,0,19,62,40,41,81,0,0,0,2,77,0,1,79,0,1,38,39,40,38.73,2.29,0,13,2,6,55,81,0,34,47,77,4,0,28,7,21,4,9,3,1,0,0,7,73,8,0,0,0,37,44,14,0,0,67,0,6,71,4,2950,3300,3550,3221.79,559.06,6,67,7,1,78,9.47,1.2,1,80,31,0,0,5,26,1,4,9,4,8,17,14,2,0,3,2,1,0,0,1,0,0,2,0,0,0,0,0,0,0,0,0,0,0,0,0,0,0,2.127,NA,66.34,6.21,0,0,0,37.04,24.69,12.35,37.04
2015,"MUNICIPIO",220260,18160,18336,8982,9354,5183,9087,4066,2508,4660,2186,NA,0.587,NA,NA,286,136,136,6,91,65,78,34,10,2,0,0,280,18,23,28,23.55,6.15,1,36,121,0,9,11,8,10,3,260,0,163,119,107,179,278,8,0,2,2,263,0,18,267,0,18,38,39,40,38.78,2.32,0,59,8,29,170,100,186,185,101,275,8,0,64,27,93,20,41,1,5,8,0,23,257,25,3,1,0,146,140,8,10,3,260,0,20,246,19,2975,3300,3580,3254.78,582.24,17,223,32,5,164,9.31,1.26,4,281,126,0,0,20,106,3,12,45,7,39,75,51,6,0,8,8,0,0,0,0,0,0,8,0,1,0,1,0,0,0,1,1,0,0,1,0,0,0,13.278,NA,61.37,6.94,349.65,21.46,21.46,27.97,27.97,0,27.97
2015,"MUNICIPIO",220265,5279,5039,2656,2383,1623,2610,806,823,1192,368,NA,0.488,NA,NA,86,65,65,0,18,30,24,10,3,0,1,0,86,20,23,28,24.13,5.93,0,11,44,0,1,0,10,4,0,65,0,21,63,36,50,84,2,0,0,0,76,0,10,76,0,10,38,39,41,39.1,2.1,0,23,2,15,40,85,1,64,22,82,2,0,23,7,37,3,5,2,0,2,0,7,82,2,1,1,0,48,38,10,4,0,65,0,4,77,5,2960,3404,3597.5,3313.1,503.58,2,72,9,1,80,9.67,0.82,0,85,25,0,0,1,24,1,6,9,1,7,17,8,1,0,3,2,1,0,0,1,0,0,1,0,0,0,0,0,0,0,0,0,0,0,0,0,0,0,5.111,NA,72.15,4.74,0,0,0,34.88,23.26,11.63,34.88
2015,"MUNICIPIO",220270,27230,26036,13165,12871,8089,13411,4536,3954,6602,2315,NA,0.497,NA,NA,425,338,338,6,96,125,109,56,25,7,1,0,419,20,24,28,24.61,6.38,8,92,180,0,9,20,92,15,1,278,0,78,340,184,241,419,5,0,2,3,376,0,42,381,0,42,38,39,40,38.78,2.4,0,106,43,54,211,404,21,307,117,410,6,2,119,35,155,12,34,3,3,5,2,49,411,0,9,5,0,224,201,92,15,1,278,0,32,371,21,2929,3235,3520,3210.93,542.33,27,343,38,7,403,9.5,1.06,4,418,170,0,0,19,151,1,26,61,17,46,108,62,8,0,6,6,0,0,0,0,0,0,5,0,0,0,0,0,0,0,0,0,0,0,0,0,0,0,8.064,12.571,64.37,6.24,0,0,0,14.12,14.12,0,14.12
2015,"MUNICIPIO",220271,4621,4525,2207,2318,1220,2308,997,598,1198,522,NA,0.555,NA,NA,65,19,19,3,17,13,20,8,4,0,0,0,62,19,24,28,23.91,6.24,1,9,26,0,0,3,2,0,1,56,0,19,46,31,34,65,0,0,1,0,60,0,4,61,0,4,38,39,40,38.83,2.49,0,10,4,12,37,65,0,33,32,61,2,0,19,7,15,7,7,2,0,0,0,6,28,37,0,0,0,34,31,2,0,1,56,0,5,57,3,3100,3376,3700,3317.88,546.64,5,50,10,1,26,9.41,1.15,2,63,25,0,0,3,22,2,2,6,1,11,13,12,2,0,2,2,0,0,0,1,0,0,1,0,0,0,0,0,0,0,0,0,0,0,0,0,0,0,4.3,NA,54.26,5.41,0,0,0,30.77,30.77,0,30.77
2015,"MUNICIPIO",220272,6028,5572,2797,2775,1602,2962,1008,791,1479,505,NA,0.498,NA,NA,56,47,47,0,15,15,18,4,4,0,0,0,56,19,24,28,24.27,5.7,0,13,29,0,1,4,13,0,0,39,0,12,40,31,25,56,0,0,0,0,51,0,5,51,0,5,38,39,40,39.14,1.58,0,16,8,5,27,56,0,32,24,54,1,0,21,7,13,2,7,1,0,0,0,4,56,0,0,0,0,24,32,13,0,0,39,0,2,50,4,3070,3210,3555.75,3319.3,484.31,3,47,6,4,52,9.3,1.22,0,56,40,0,0,3,37,0,4,23,3,7,23,17,0,0,0,0,0,0,0,0,0,0,0,0,0,0,0,0,0,0,0,0,0,0,0,0,0,0,NA,NA,37.86,6.64,0,0,0,0,0,0,0
2015,"MUNICIPIO",220273,3930,3811,1970,1841,1032,1972,807,490,941,410,NA,0.565,NA,NA,47,24,24,2,8,15,13,7,2,0,0,0,45,20,23,28.5,24.15,6.1,0,5,15,0,0,1,4,0,0,40,0,9,38,18,29,47,0,0,0,0,44,0,2,44,0,2,38,39,40,38.83,2,0,9,4,7,16,47,0,33,14,45,1,0,9,5,16,1,7,0,1,0,0,6,39,8,0,0,0,17,30,4,0,0,40,0,5,41,1,2899,3245,3472.5,3172.21,438.47,3,39,3,0,39,9.64,0.58,0,46,19,0,0,3,16,1,5,4,2,4,14,5,1,0,0,0,0,0,0,0,0,0,0,0,0,0,0,0,0,0,0,0,0,0,0,0,0,0,3.363,NA,49.95,4.83,0,0,0,0,0,0,0
2015,"MUNICIPIO",220275,6314,6036,2963,3073,1797,3091,1148,907,1586,580,NA,0.628,NA,NA,78,54,54,0,26,19,15,14,4,0,0,0,78,18,23.5,28.75,23.79,5.99,0,6,23,0,0,9,4,4,1,65,0,28,49,28,50,74,4,0,1,0,72,0,3,73,0,3,38,39,40,38.74,2.42,0,26,4,6,38,75,3,41,37,75,2,0,19,3,25,2,14,0,1,4,0,7,75,1,2,0,0,39,39,4,4,1,65,0,5,69,4,3000,3300,3662,3274.56,539.2,1,57,12,8,62,8.5,2.67,0,77,36,0,0,6,30,1,2,10,10,7,18,18,4,0,1,1,0,0,0,0,0,0,1,0,0,0,0,0,0,0,0,0,0,0,0,0,0,0,2.357,NA,49.18,5.7,0,0,0,12.82,12.82,0,12.82
2015,"MUNICIPIO",220277,7527,7433,3701,3732,2045,3893,1495,1004,1935,793,NA,0.588,NA,NA,98,80,80,1,21,32,22,17,3,2,0,0,97,20,24,29,24.68,5.99,0,5,37,0,5,6,5,4,0,84,0,16,78,34,64,94,4,1,1,0,93,0,3,95,0,3,38,39,40,38.47,2.73,0,16,9,11,57,98,0,46,52,90,6,1,22,3,34,2,16,1,3,4,1,11,98,0,0,0,0,40,58,5,4,0,84,0,8,82,8,2941.25,3240,3593.75,3252.98,597.54,6,68,18,0,98,9.38,0.73,1,96,49,0,0,5,44,2,6,18,6,12,22,27,7,0,1,1,0,0,0,0,0,0,1,0,0,0,0,0,0,0,0,0,0,0,0,0,0,0,3.348,NA,50.65,6.51,0,0,0,10.2,10.2,0,10.2
2015,"MUNICIPIO",220280,4536,4475,2247,2228,1236,2221,1018,592,1106,530,NA,0.589,NA,NA,67,59,59,3,16,18,14,10,3,3,0,0,64,19,23,29,24.28,6.7,0,6,27,0,3,2,10,4,0,50,0,31,35,34,33,65,2,0,0,0,65,0,2,65,0,2,38,39,40,38.96,1.78,0,15,0,7,44,66,1,30,37,62,4,0,25,6,17,0,10,0,2,2,0,4,67,0,0,0,0,29,38,10,4,0,50,0,7,58,2,2892.5,3180,3445,3140.81,454.19,7,55,2,2,63,9.18,1.29,1,66,28,0,0,1,27,0,3,13,2,9,15,13,1,0,0,0,0,0,0,0,0,0,0,0,0,0,0,0,0,0,0,0,0,0,0,0,0,0,3.245,NA,60.58,6.17,0,0,0,0,0,0,0
2015,"MUNICIPIO",220285,4602,4541,2378,2163,1170,2400,971,551,1118,494,NA,0.546,NA,NA,56,48,48,1,11,22,10,10,2,0,0,0,55,20,22.5,28,23.93,5.69,0,4,16,0,0,1,2,0,0,53,0,18,36,24,32,56,0,0,0,0,55,0,1,55,0,1,38,39,39,38.52,1.45,0,15,1,7,33,56,0,16,40,52,0,3,20,1,13,0,15,0,0,0,3,3,56,0,0,0,0,32,24,2,0,0,53,0,2,50,4,3090,3245,3510,3310.02,414.85,1,48,6,0,52,9.48,0.61,0,56,17,0,0,3,14,2,0,7,1,4,8,9,1,0,0,0,0,0,0,0,0,0,0,0,0,0,0,0,0,0,0,0,0,0,0,0,0,0,2.46,NA,50.09,3.69,0,0,0,0,0,0,0
2015,"MUNICIPIO",220290,26084,25407,12844,12563,7753,13355,4299,3757,6606,2200,NA,0.642,NA,NA,441,110,110,3,115,132,87,72,25,7,0,0,438,19,23,29,24.37,6.46,2,32,153,0,14,46,42,58,1,336,0,150,288,174,267,433,8,0,2,4,403,0,32,409,0,32,38,39,40,38.82,2.36,0,140,55,44,184,45,396,285,156,426,12,1,131,24,158,16,50,3,7,8,1,41,435,0,5,1,0,243,198,42,58,1,336,0,23,384,32,3000,3300,3550,3274.29,494.25,27,341,58,0,123,9.73,0.56,1,433,116,0,0,23,93,5,11,32,13,32,69,47,9,0,5,5,0,0,0,1,0,0,4,0,1,0,0,0,0,1,0,0,0,0,0,0,0,0,20.912,3.905,66.76,4.45,0,15.14,0,11.34,11.34,0,11.34
2015,"MUNICIPIO",220300,8102,7831,4087,3744,2488,3879,1464,1189,1836,719,NA,0.573,NA,NA,102,32,32,2,28,28,21,12,10,1,0,0,100,19,23,29,24.25,6.9,1,18,36,0,1,8,9,16,0,74,0,22,76,38,64,98,4,0,1,2,91,0,8,94,0,8,38,39,40.75,38.98,2.54,0,29,7,11,54,90,12,74,28,100,1,1,25,7,41,4,13,0,1,4,1,6,99,0,2,0,0,61,41,9,16,0,74,0,5,90,7,2912.5,3300,3550,3245.59,566.63,5,80,12,1,35,9.47,1.03,0,101,27,0,0,5,22,1,2,9,2,8,20,7,1,0,2,2,0,0,0,1,0,0,1,0,0,0,0,0,0,0,0,0,0,0,0,0,0,0,2.678,NA,55.56,3.33,0,0,0,19.61,19.61,0,19.61
2015,"MUNICIPIO",220310,10214,9981,5036,4945,3003,5151,1827,1457,2529,959,NA,0.566,NA,NA,174,105,105,3,49,54,38,18,11,1,0,0,171,19,23,27,23.48,6.03,0,24,67,0,2,10,10,8,0,156,0,52,121,65,109,169,5,1,0,2,166,0,5,169,0,5,38,39,40,38.33,2.43,0,42,20,24,85,174,0,77,97,165,9,0,35,20,36,13,41,1,5,5,0,18,174,0,0,0,0,89,85,10,8,0,156,0,16,149,9,2870,3197,3577.5,3155.84,601.62,13,139,16,3,107,9.25,1.36,1,171,46,0,0,11,35,1,4,11,4,15,30,16,1,0,3,3,0,0,0,0,0,0,3,0,0,0,0,0,0,0,0,0,0,0,0,0,0,0,7.883,NA,68.8,4.5,0,0,0,17.24,17.24,0,17.24
2015,"MUNICIPIO",220320,11121,10761,5455,5306,3280,5503,1978,1604,2702,1000,NA,0.607,NA,NA,192,104,104,4,48,56,49,26,9,0,0,0,188,19,24,28,23.89,5.96,0,26,81,0,3,11,6,4,0,181,0,55,134,70,122,188,4,1,1,0,175,0,14,177,0,14,38,39,41,39.14,2.54,0,30,19,23,114,40,152,109,83,176,1,0,46,5,66,4,32,1,0,4,0,18,191,0,0,1,0,101,91,6,4,0,182,0,8,165,19,3100,3403,3700,3379.54,525.32,9,147,26,0,157,9.4,0.72,2,151,56,0,0,8,48,3,10,18,5,12,35,21,5,0,1,1,0,0,0,0,0,0,1,0,0,0,0,0,0,0,0,0,0,0,0,0,0,0,9.547,NA,71.06,5.04,0,0,0,5.21,5.21,0,5.21
2015,"MUNICIPIO",220323,4845,4704,2473,2231,1514,2313,877,727,1067,437,NA,0.542,NA,NA,93,48,48,0,23,29,22,11,7,1,0,0,93,20,24,28,24.55,5.93,1,15,37,0,2,3,6,7,0,79,0,30,61,25,68,93,0,0,0,1,87,0,5,88,0,5,38,39,40,38.77,1.79,0,20,8,14,48,93,0,30,63,91,2,0,16,8,18,14,28,0,2,0,0,7,93,0,0,0,0,44,49,6,7,0,79,0,7,81,5,2846,3188,3460,3174.95,506.56,6,78,8,0,52,9.6,0.57,0,93,18,0,0,2,16,0,2,5,1,8,7,11,4,0,0,0,0,0,0,0,0,0,0,0,1,0,0,0,1,0,1,1,0,1,0,0,0,0,NA,NA,87.16,3.72,1075.27,93.72,93.72,0,0,0,0
2015,"MUNICIPIO",220325,4337,4183,2144,2039,1248,2102,833,589,1027,423,NA,0.555,NA,NA,75,43,43,0,22,21,20,7,4,1,0,0,75,19,24,28,23.91,5.99,1,7,26,0,1,3,7,7,0,55,0,15,59,29,46,73,2,0,0,0,73,0,2,73,0,2,38,39,40,38.72,2.2,0,17,6,8,22,71,4,40,35,71,0,0,22,2,20,2,12,0,0,2,0,11,70,1,2,2,0,35,40,7,7,0,55,0,8,65,2,2885,3215,3442.5,3139.15,531.88,8,58,5,0,74,9.68,0.66,1,71,19,0,0,1,18,1,2,9,0,6,9,10,1,0,1,1,0,0,0,0,0,0,1,0,0,0,0,0,0,0,0,0,0,0,0,0,0,0,NA,NA,73.03,4.38,0,0,0,13.33,13.33,0,13.33
2015,"MUNICIPIO",220327,5086,4869,2531,2338,1653,2497,719,791,1199,348,NA,0.527,NA,NA,69,48,48,1,19,17,15,8,7,2,0,0,68,19,24,29,25.01,7.16,2,10,23,0,1,4,13,0,0,48,0,25,42,29,40,66,2,0,0,0,65,0,4,65,0,4,38,39,40,38.89,1.81,0,14,8,11,27,61,8,37,32,46,17,0,16,2,17,2,4,10,7,2,0,2,56,5,7,1,0,39,30,13,0,0,54,0,2,59,4,2900,3220,3600,3256.46,452.79,6,46,7,0,60,9.9,0.35,0,67,16,0,0,3,13,1,3,5,0,4,9,7,2,0,0,0,0,0,0,0,0,0,0,0,0,0,0,0,0,0,0,0,0,0,0,0,0,0,1.585,NA,57.55,3.15,0,0,0,0,0,0,0
2015,"MUNICIPIO",220330,13552,13278,6477,6801,3495,6987,2796,1740,3543,1518,NA,0.618,NA,NA,209,138,138,2,46,56,60,26,14,5,0,0,207,20,25,29,24.99,6.35,0,13,72,0,8,6,20,18,0,158,0,53,154,88,121,207,2,0,0,4,193,0,11,197,0,11,38,39,40,38.63,2.29,0,41,11,13,101,204,5,112,97,197,3,1,60,11,57,5,41,1,2,1,1,21,207,1,1,0,0,99,110,20,18,0,158,0,19,181,9,2880,3260,3545,3191.48,539.97,20,156,24,3,202,9.7,0.85,3,205,94,0,0,7,87,4,11,32,6,34,56,38,3,0,3,3,0,0,0,0,0,0,3,0,1,0,0,0,0,1,0,0,0,0,0,0,0,0,12.981,NA,58.99,6.94,0,28.22,0,14.35,14.35,0,14.35
2015,"MUNICIPIO",220335,6862,6675,3403,3272,1736,3530,1409,861,1675,736,NA,0.561,NA,NA,101,71,71,1,29,26,18,18,8,1,0,0,100,19,23,30,24.3,6.56,1,10,35,0,1,8,9,3,0,87,0,25,76,38,63,99,2,0,1,1,94,0,4,96,0,4,38,39,39,38.37,2.09,0,20,17,14,47,97,4,37,64,95,0,2,27,6,31,5,14,0,0,2,2,9,97,0,4,0,0,54,46,9,3,0,87,0,7,87,7,3000,3150,3450,3196.1,498.13,6,79,12,0,78,9.27,0.66,1,100,39,0,0,3,36,1,5,16,3,11,27,11,1,0,1,1,0,0,0,0,0,0,1,0,0,0,0,0,0,0,0,0,0,0,0,0,0,0,2.516,NA,60.3,5.68,0,0,0,9.9,9.9,0,9.9
2015,"MUNICIPIO",220340,6756,6569,3221,3348,1577,3599,1393,783,1832,733,NA,0.601,NA,NA,75,70,70,1,24,17,19,11,3,0,0,0,74,18,24,29,23.76,6.3,0,7,31,0,7,3,16,0,0,59,0,26,48,38,37,75,0,0,0,0,74,0,1,74,0,1,38,39,40,38.65,1.43,0,16,5,11,42,75,0,21,54,72,1,1,26,9,18,4,11,0,1,0,1,4,75,0,0,0,0,37,38,16,0,0,59,0,7,64,4,2865,3240,3496,3191.23,497.73,4,64,7,0,75,9.43,0.74,0,75,37,0,0,1,36,1,9,19,1,6,20,17,4,0,1,1,0,0,0,0,0,0,1,0,0,0,0,0,0,0,0,0,0,0,0,0,0,0,4.437,NA,40.94,5.48,0,0,0,13.33,13.33,0,13.33
2015,"MUNICIPIO",220342,4290,4264,2156,2108,1330,2069,865,661,1010,437,NA,0.55,NA,NA,54,33,33,0,16,20,12,1,4,1,0,0,54,19,22,26,23.48,5.98,3,12,20,0,2,0,7,3,0,27,0,6,45,19,35,54,0,0,0,0,48,0,6,48,0,6,38,39,40.25,39.17,2.06,0,18,4,7,23,52,2,32,22,50,1,0,15,0,23,1,7,0,1,0,0,4,52,1,1,0,0,28,26,9,3,0,27,0,4,47,3,2921,3240,3600,3244.78,541.27,6,39,7,0,50,9.68,0.68,0,53,24,0,0,2,22,1,5,9,0,7,13,11,1,0,0,0,0,0,0,0,0,0,0,0,0,0,0,0,0,0,0,0,0,0,0,0,0,0,1.297,NA,53.47,5.59,0,0,0,0,0,0,0
2015,"MUNICIPIO",220345,9387,9245,4733,4512,2422,4834,1989,1181,2327,1004,NA,0.549,NA,NA,92,64,64,1,22,21,22,19,7,0,0,0,91,19.75,25,30,25.13,6.29,0,10,31,0,1,6,13,6,0,73,0,28,63,47,45,91,0,0,0,0,89,0,2,89,0,2,38,39,40,38.91,1.47,0,26,12,10,40,89,3,27,65,83,5,3,34,7,28,0,10,3,2,0,3,2,89,3,0,0,0,45,47,13,6,0,73,0,2,87,3,2900,3175,3477.5,3171.68,430.34,10,76,4,2,66,9.09,0.91,0,91,49,0,0,4,45,3,7,20,5,10,26,23,4,0,2,2,0,0,0,0,0,0,2,0,1,0,0,0,1,0,1,1,0,0,1,0,0,0,NA,NA,39.54,5.22,1086.96,42.97,42.97,21.74,21.74,0,21.74
2015,"MUNICIPIO",220350,14432,14512,7148,7364,3386,7523,3603,1634,3774,1956,NA,0.58,NA,NA,165,134,134,2,41,34,46,26,15,1,0,0,163,19,25,30,24.98,6.4,1,19,51,0,10,14,7,2,1,151,0,65,98,76,89,162,3,0,0,3,153,0,6,156,0,6,38,39,40,38.27,2.45,0,27,3,23,101,121,44,88,77,155,3,0,55,3,42,3,25,1,1,3,0,23,165,0,0,0,0,75,90,7,2,1,151,0,15,138,12,2950,3260,3575,3223.33,608.7,6,122,28,3,158,9.66,1.1,0,163,113,0,0,7,106,2,15,52,3,34,58,55,2,0,0,0,0,0,0,0,0,0,0,0,0,0,0,0,0,0,0,0,0,0,0,0,0,0,12.168,NA,43.72,7.83,0,0,0,0,0,0,0
2015,"MUNICIPIO",220360,4807,4665,2402,2263,1193,2345,1127,548,1122,593,NA,0.595,NA,NA,50,44,44,0,13,12,16,6,3,0,0,0,50,19.25,24.5,28.75,24.48,6.19,1,3,17,0,2,4,3,0,1,45,0,16,34,13,37,50,0,0,0,0,46,0,4,46,0,4,38.25,39,40,39.24,1.78,0,15,1,5,26,50,0,24,26,49,1,0,9,3,14,1,19,0,1,0,0,3,50,0,0,0,0,29,21,3,0,1,45,0,5,43,2,3110,3350,3530,3270.24,553.07,3,40,6,14,35,7,3.92,0,49,39,0,0,3,36,2,6,15,1,12,25,14,2,0,1,0,1,0,0,1,0,0,0,0,0,0,0,0,0,0,0,0,0,0,0,0,0,0,4.638,NA,44.56,8.11,0,0,0,20,0,20,20
2015,"MUNICIPIO",220370,38874,37767,18776,18991,10290,20285,7192,5049,10096,3846,NA,0.605,NA,NA,635,574,574,7,146,183,162,91,37,9,0,0,628,20,24,28,24.58,6.11,5,66,246,0,17,30,68,24,2,526,0,133,494,262,373,629,6,1,3,7,586,0,37,597,0,37,38,39,40,38.76,2.4,0,170,50,62,330,116,519,299,336,609,21,3,195,27,182,21,116,7,13,6,3,63,633,0,2,0,0,336,299,68,24,2,526,0,46,558,31,2900,3250,3530,3196.4,547.98,49,509,56,11,623,9.14,0.99,4,627,234,0,0,35,199,2,33,88,9,67,132,102,11,0,12,12,0,0,0,1,1,0,8,0,0,0,0,0,0,0,0,0,0,0,0,0,0,0,26.687,NA,62.9,6.02,0,0,0,18.9,18.9,0,18.9
2015,"MUNICIPIO",220375,5199,5074,2574,2500,1463,2604,1007,727,1263,510,NA,0.548,NA,NA,65,50,50,0,11,20,21,9,4,0,0,0,65,21,25,28,25,5.23,0,4,31,0,1,3,1,2,0,61,0,18,45,20,45,65,0,0,0,0,64,0,1,64,0,1,38,39,40,38.78,1.51,0,21,6,9,27,65,0,24,41,63,1,1,16,1,27,3,11,0,1,0,1,5,64,1,0,0,0,30,35,1,2,0,61,0,2,61,2,2900,3200,3450,3181.92,506.73,3,59,3,0,52,9.35,0.68,0,65,16,0,0,2,14,0,3,4,3,4,9,7,1,0,1,1,0,0,0,0,0,0,1,0,0,0,0,0,0,0,0,0,0,0,0,0,0,0,NA,NA,51.46,3.08,0,0,0,15.38,15.38,0,15.38
2015,"MUNICIPIO",220380,4394,4366,2219,2147,1244,2171,951,609,1066,472,NA,0.547,NA,NA,56,44,44,0,11,19,13,10,2,1,0,0,56,20,24,29,24.96,5.74,1,8,15,0,1,2,5,5,0,41,0,22,33,19,37,54,2,0,0,0,53,0,3,53,0,3,38,39,40,38.88,1.82,0,13,6,8,27,54,2,27,29,48,4,1,13,2,14,5,6,2,2,2,1,6,55,1,0,0,0,26,30,5,5,0,41,0,2,50,4,2933.75,3182,3535,3234.95,481.79,7,41,5,1,55,9.34,0.9,3,53,43,0,0,3,40,4,5,18,1,12,25,18,4,0,1,1,0,0,0,0,0,0,0,0,0,0,0,0,0,0,0,0,0,0,0,0,0,0,2.504,NA,52.53,9.79,0,0,0,17.86,17.86,0,17.86
2015,"MUNICIPIO",220385,2515,2482,1272,1210,611,1266,605,260,640,310,NA,0.538,NA,NA,19,16,16,0,2,10,4,2,1,0,0,0,19,20,23,26.5,24.32,4.94,0,1,6,0,1,2,5,1,0,12,0,4,15,11,8,19,0,0,0,0,19,0,0,19,0,0,38.5,40,40,38.95,2.07,0,2,0,4,12,19,0,8,11,19,0,0,9,2,2,1,3,0,0,0,0,2,19,0,0,0,0,7,12,5,1,0,12,0,0,15,4,3215,3410,3850,3528.26,527.32,0,12,7,0,19,9.37,0.76,0,19,24,0,0,3,21,1,4,11,3,2,11,13,1,0,0,0,0,0,0,0,0,0,0,0,0,0,0,0,0,0,0,0,0,0,0,0,0,0,NA,NA,29.69,9.54,0,0,0,0,0,0,0
2015,"MUNICIPIO",220390,58803,57690,27309,30381,13990,32439,11261,6898,16979,6504,NA,0.7,NA,NA,1011,847,847,15,174,247,264,206,84,21,0,0,996,21,26,30,25.98,6.41,2,48,227,0,63,185,115,52,8,787,1,506,496,423,588,991,20,1,1,6,944,0,43,952,0,43,38,39,40,38.61,2.06,0,180,146,127,513,116,895,366,645,946,39,5,284,68,205,59,212,15,20,20,5,89,1007,0,3,0,0,490,520,115,52,8,787,1,93,860,58,2900,3240,3570.5,3207.16,593.18,86,763,119,17,987,9.43,1.06,7,992,450,0,0,58,392,10,67,154,48,113,241,207,18,0,17,17,0,0,0,1,0,0,16,0,1,0,0,0,1,0,1,0,0,0,0,0,0,0,56.562,1.95,59.54,7.65,98.91,5.89,5.89,16.82,16.82,0,16.82
2015,"MUNICIPIO",220400,5267,5235,2558,2677,1397,2562,1276,683,1337,657,NA,0.564,NA,NA,58,48,48,0,16,12,11,12,7,0,0,0,58,19,25,30,25.31,6.68,0,5,19,0,1,5,1,5,1,50,0,20,37,22,36,54,4,0,0,0,52,0,5,52,0,5,38,39,41,39.12,1.96,0,11,4,6,33,58,0,28,30,52,4,0,20,0,14,1,11,2,1,4,0,2,58,0,0,0,0,26,32,1,5,1,50,0,3,51,4,2944.25,3215,3471.25,3230.91,499.91,2,45,5,0,58,9.86,0.4,0,57,28,0,0,3,25,0,2,21,1,1,15,13,0,0,0,0,0,0,0,0,0,0,0,0,0,0,0,0,0,0,0,0,0,0,0,0,0,0,3.941,NA,43.38,5.32,0,0,0,0,0,0,0
2015,"MUNICIPIO",220410,4333,4477,2221,2256,1144,2163,1170,556,1085,615,NA,0.577,NA,NA,58,52,52,1,6,19,14,15,2,1,0,0,57,21,26,30,25.83,5.99,0,4,14,0,4,2,1,2,1,54,0,31,27,16,42,57,1,0,0,0,56,0,2,56,0,2,38,39,40,38.52,1.96,0,9,4,11,30,58,0,33,25,56,1,1,9,4,19,1,15,1,0,1,1,7,58,0,0,0,0,28,30,1,2,1,54,0,4,50,4,2941.25,3297,3555,3251.79,502.45,2,46,9,1,57,9.38,1.09,0,58,35,0,0,3,32,0,5,12,3,12,20,15,1,0,2,1,1,0,0,0,0,0,2,0,0,0,0,0,0,0,0,0,0,0,0,0,0,0,2.668,NA,53.46,8.08,0,0,0,34.48,17.24,17.24,34.48
2015,"MUNICIPIO",220415,3097,2879,1436,1443,729,1604,546,374,784,285,NA,0.553,NA,NA,39,38,38,1,6,8,14,7,3,0,0,0,38,22.5,26,29.5,26.08,5.93,2,6,11,0,1,6,7,0,0,32,0,20,19,15,24,39,0,0,0,0,38,0,1,38,0,1,38,39,40,38.79,1.47,0,5,1,11,21,39,0,12,27,39,0,0,4,9,7,4,11,0,0,0,0,4,39,0,0,0,0,20,19,7,0,0,32,0,2,35,2,2965,3200,3432.5,3242.44,447.4,1,35,3,4,35,8.62,1.44,0,39,19,0,0,2,17,0,3,3,0,11,10,9,1,0,2,2,0,0,0,1,0,0,1,0,0,0,0,0,0,0,0,0,0,0,0,0,0,0,NA,NA,49.74,6.13,0,0,0,51.28,51.28,0,51.28
2015,"MUNICIPIO",220420,9054,8592,4383,4209,2151,4694,1747,1030,2294,885,NA,0.608,NA,NA,127,120,120,0,25,34,34,20,12,2,0,0,127,20,25,30,25.55,6.3,2,14,28,0,5,18,23,1,0,102,0,30,97,61,66,125,2,0,1,3,121,0,2,125,0,2,38,39,39,38.04,2.41,0,25,11,14,72,126,1,32,95,119,8,0,35,16,18,6,31,3,4,2,0,12,126,0,1,0,0,65,62,23,1,0,102,0,14,109,4,2870,3200,3515,3133.94,581.61,5,108,12,6,121,8.9,1.4,0,127,51,0,0,6,45,0,8,24,4,9,28,23,0,0,1,1,0,0,0,0,0,0,0,0,0,0,0,0,0,0,0,0,0,0,0,0,0,0,4.088,NA,55.36,5.63,0,0,0,7.87,7.87,0,7.87
2015,"MUNICIPIO",220430,11372,11117,5478,5639,2915,5983,2219,1422,3020,1197,NA,0.619,NA,NA,174,156,156,4,37,43,37,30,17,5,1,0,170,20,25,31,25.76,7.18,2,18,60,0,7,21,49,9,0,116,0,32,136,87,87,172,2,0,0,1,165,0,6,166,0,6,38,39,40,38.53,1.95,0,14,8,19,128,69,105,54,120,159,9,5,53,15,38,5,23,1,7,2,5,22,174,0,0,0,0,94,80,49,9,0,116,0,12,152,10,2975,3250,3563,3226.29,551.32,6,144,20,1,173,9.21,0.8,4,168,78,0,0,14,64,1,12,25,6,20,46,32,3,0,3,3,0,0,0,1,0,0,2,0,0,0,0,0,0,0,0,0,0,0,0,0,0,0,9.126,NA,57.62,6.86,0,0,0,17.24,17.24,0,17.24
2015,"MUNICIPIO",220435,5319,5475,2776,2699,1486,2895,1094,704,1435,560,NA,0.561,NA,NA,87,86,86,3,22,26,21,8,4,3,0,0,84,19,23,28,23.98,6.67,0,13,29,0,0,1,11,0,0,76,0,27,60,39,48,87,0,0,0,0,85,0,1,85,0,1,38,39,40,39.06,1.31,0,29,15,11,31,87,0,29,58,86,1,0,26,10,24,4,17,1,0,0,0,4,87,0,0,0,0,42,45,11,0,0,76,0,3,80,4,3000,3250,3505,3267.32,442.01,6,72,8,3,84,9.31,1.24,0,87,45,0,0,8,37,1,4,13,2,17,25,20,2,0,1,1,0,0,1,1,0,0,0,0,1,1,0,0,0,0,1,1,0,0,1,0,0,0,NA,NA,60.63,8.46,1149.43,69.69,69.69,11.49,11.49,0,11.49
2015,"MUNICIPIO",220440,10514,10402,5213,5189,3351,5221,1830,1680,2563,946,NA,0.548,NA,NA,168,66,66,3,54,34,41,19,16,1,0,0,165,19,23,29,24.11,6.54,1,20,70,0,4,17,7,17,1,137,0,59,103,53,115,168,0,0,1,2,153,0,8,156,0,8,38,39,40,38.76,2.48,0,40,17,22,73,128,40,112,56,155,6,2,32,10,60,10,23,4,2,0,2,16,163,2,2,1,0,95,73,7,17,1,141,0,7,145,16,3000,3314,3600,3322.69,492.93,10,119,31,4,85,9.29,1.24,2,163,37,0,0,4,33,3,3,12,6,9,22,15,1,0,1,1,0,0,0,0,0,0,1,0,0,0,0,0,0,0,0,0,0,0,0,0,0,0,4.202,NA,65.55,3.52,0,0,0,5.95,5.95,0,5.95
2015,"MUNICIPIO",220450,10338,10268,5088,5180,2760,5494,2014,1365,2735,1080,NA,0.65,NA,NA,156,88,88,5,32,49,36,24,10,0,0,0,151,20,24,29,24.4,6.18,0,6,33,0,3,13,13,2,0,84,0,79,77,86,70,156,0,0,0,0,143,0,9,143,0,9,38,40,41,39.32,2.01,0,22,12,20,70,100,56,81,75,119,7,0,53,5,19,2,23,4,3,0,0,13,156,0,0,0,0,70,85,18,3,0,108,0,10,133,13,2987.75,3270,3631,3284.63,544,15,109,25,3,151,9.36,1.2,2,152,71,0,0,8,63,2,12,21,10,18,38,33,6,0,1,1,0,0,0,0,0,0,0,0,0,0,0,0,0,0,0,0,0,0,0,0,0,0,9.776,NA,57.04,6.87,0,0,0,6.41,6.41,0,6.41
2015,"MUNICIPIO",220455,4478,4401,2216,2185,1519,2291,591,748,1130,307,NA,0.508,NA,NA,87,60,60,0,26,29,17,11,4,0,0,0,87,19,22,26.5,23.3,5.51,0,12,31,0,3,5,12,3,0,72,0,15,71,35,52,87,0,0,0,0,86,0,1,86,0,1,38,39,40,39.01,1.34,0,23,4,6,54,85,2,19,68,76,2,9,29,3,22,1,18,0,2,0,9,3,84,1,1,1,0,43,44,12,3,0,72,0,5,79,3,2950,3350,3500,3237.34,448.16,8,70,8,0,63,9.14,0.72,0,87,10,0,0,1,9,0,0,1,3,5,9,1,0,0,0,0,0,0,0,0,0,0,0,0,0,0,0,0,0,0,0,0,0,0,0,0,0,0,2.34,NA,76.99,2.23,0,0,0,0,0,0,0
2015,"MUNICIPIO",220460,3813,3771,1839,1932,1007,1941,823,525,985,422,NA,0.599,NA,NA,56,43,43,2,17,9,11,9,8,0,0,0,54,18,24.5,31,24.84,7.37,0,4,22,0,0,6,6,2,1,45,0,19,37,24,32,54,1,0,0,0,52,0,4,52,0,4,38.75,39,40,39.29,1.63,0,10,1,3,38,56,0,33,23,49,3,0,12,7,12,2,14,3,0,1,0,1,56,0,0,0,0,33,23,6,2,1,45,0,4,50,2,2992.5,3137.5,3580,3253.41,481.52,5,43,4,0,53,9.64,0.56,1,55,20,0,0,0,20,0,4,11,1,4,14,6,0,0,0,0,0,0,0,0,0,0,0,0,0,0,0,0,0,0,0,0,0,0,0,0,0,0,3.717,NA,56.85,5.25,0,0,0,0,0,0,0
2015,"MUNICIPIO",220465,9211,8914,4557,4357,2638,4576,1700,1277,2190,890,NA,0.563,NA,NA,133,112,112,7,35,46,24,14,7,0,0,0,126,18,22,27,22.97,6.15,0,15,66,0,1,3,7,7,0,109,0,28,104,57,76,133,0,0,0,3,120,0,10,123,0,10,37,39,40,38.36,2.57,0,50,10,20,42,133,0,106,27,132,1,0,40,7,48,3,10,0,1,0,0,24,133,0,0,0,0,68,65,7,7,0,109,0,13,111,9,2980,3255,3542,3213.16,572.15,5,113,15,3,128,9.68,0.84,1,131,70,0,0,4,66,5,8,25,12,16,39,31,2,0,5,4,1,0,0,1,0,0,3,0,0,0,0,0,0,0,0,0,0,0,0,0,0,0,8.784,NA,60.73,7.6,0,0,0,37.59,30.08,7.52,37.59
2015,"MUNICIPIO",220470,15044,14845,7319,7526,3876,7749,3220,1905,3927,1694,NA,0.624,NA,NA,219,196,196,4,50,54,55,35,18,3,0,0,215,20,25,30,24.98,6.57,0,25,54,0,11,17,19,1,0,196,0,70,148,90,129,208,11,0,0,2,210,0,6,212,0,6,38,39,40,38.43,1.97,0,45,9,21,142,218,1,93,126,206,9,2,73,4,63,4,40,1,4,9,2,16,218,0,0,1,0,107,112,19,1,0,196,0,17,189,13,2915,3250,3574,3227.72,554.43,12,169,23,2,216,9.87,0.55,0,219,90,0,0,8,82,1,17,32,6,26,51,39,2,0,2,2,0,0,0,0,0,0,2,0,0,0,0,0,0,0,0,0,0,0,0,0,0,0,9.923,3.5,55.77,5.98,0,0,0,9.13,9.13,0,9.13
2015,"MUNICIPIO",220480,9599,9327,4595,4732,2467,4915,1945,1229,2476,1027,NA,0.63,NA,NA,132,127,127,1,27,33,38,21,11,1,0,0,131,20,25,29.25,25.27,6.26,0,13,30,0,2,12,16,2,0,114,0,35,97,50,82,128,4,0,0,0,130,0,2,130,0,2,38,39,39,38.6,1.47,0,31,4,7,89,124,8,47,85,128,2,1,37,7,30,7,38,0,1,3,1,8,128,0,4,0,0,66,66,16,2,0,114,0,5,118,9,3015,3250,3555,3274.89,457.37,7,106,15,1,131,9.43,0.84,3,129,80,0,0,5,75,3,14,21,12,25,53,27,4,0,4,4,0,0,0,0,0,0,4,0,0,0,0,0,0,0,0,0,0,0,0,0,0,0,6.228,NA,53.31,8.33,0,0,0,30.3,30.3,0,30.3
2015,"MUNICIPIO",220490,8408,8221,4120,4101,2403,4254,1564,1214,2081,806,NA,0.582,NA,NA,126,118,118,3,35,33,25,16,10,4,0,0,123,19,23,29,24.33,7.04,1,15,49,0,5,4,9,10,0,105,0,51,75,56,70,125,0,0,0,1,119,0,6,120,0,6,38,39,40,38.94,1.77,0,28,0,2,89,125,1,59,67,119,3,2,39,9,38,5,21,2,1,0,2,7,124,0,1,1,0,66,60,9,10,0,105,0,10,110,6,2938.5,3255,3477.5,3196.36,507.93,7,107,10,4,121,9.34,1.12,0,126,51,0,0,8,43,1,7,19,4,12,29,22,3,0,2,2,0,0,0,0,1,0,1,0,0,0,0,0,0,0,0,0,0,0,0,0,0,0,2.749,NA,60.55,6.07,0,0,0,15.87,15.87,0,15.87
2015,"MUNICIPIO",220500,11354,11109,5545,5564,2564,5769,2776,1233,2873,1458,NA,0.541,NA,NA,133,130,130,0,32,33,33,21,10,4,0,0,133,20,25,30,25.34,6.67,2,16,43,0,2,11,25,0,0,107,0,29,103,57,76,133,0,0,0,3,128,0,2,131,0,2,38,39,40,38.42,2.04,0,31,9,17,75,133,0,33,100,129,4,0,39,11,25,4,39,2,2,0,0,11,133,0,0,0,0,72,61,25,0,0,107,0,12,112,9,2936,3226,3470,3190.15,534.76,5,115,13,5,128,9.27,1.04,0,133,77,0,0,14,63,2,8,29,5,19,49,28,3,0,1,1,0,0,0,0,0,0,1,0,0,0,0,0,0,0,0,0,0,0,0,0,0,0,3.834,NA,46.29,6.78,0,0,0,7.52,7.52,0,7.52
2015,"MUNICIPIO",220510,10828,10678,5385,5293,2733,5600,2345,1354,2714,1225,NA,0.583,NA,NA,134,116,116,2,33,30,32,19,16,2,0,0,132,19,25,30,25.32,6.77,1,14,44,0,3,13,18,14,0,96,0,54,78,52,82,132,2,0,0,0,129,0,3,129,0,3,38,39,40,38.5,1.78,0,20,11,10,85,67,67,58,76,125,6,1,27,12,37,11,20,3,3,2,1,14,132,1,1,0,0,70,64,18,14,0,96,0,16,110,8,2904.5,3267.5,3547.5,3172.47,624.78,7,110,13,3,129,9.23,1.05,1,133,51,0,0,7,44,3,7,15,1,18,25,26,4,0,0,0,0,0,0,0,0,0,0,0,0,0,0,0,0,0,0,0,0,0,0,0,0,0,8.119,NA,49.37,4.71,0,0,0,0,0,0,0
2015,"MUNICIPIO",220515,5682,5722,2904,2818,1441,3154,1127,718,1551,549,NA,0.535,NA,NA,82,25,25,0,14,27,15,17,9,0,0,0,82,21,24.5,31,25.67,6.59,1,13,27,0,0,6,16,2,0,37,0,26,56,36,46,82,0,0,0,0,79,0,3,79,0,3,38,39,40,38.9,1.7,0,13,17,14,36,82,0,31,51,71,3,3,25,3,24,2,12,2,1,0,3,5,82,0,0,0,0,44,38,16,2,0,37,0,3,77,2,2900,3165,3428.75,3155.96,389.01,6,70,4,1,38,9,1.36,0,77,37,0,0,5,32,0,7,17,3,5,20,17,1,0,1,1,0,0,0,0,0,0,1,0,0,0,0,0,0,0,0,0,0,0,0,0,0,0,2.608,NA,52.87,6.51,0,0,0,12.2,12.2,0,12.2
2015,"MUNICIPIO",220520,18660,18035,8800,9235,5135,9313,3587,2562,4776,1897,NA,0.524,NA,NA,238,217,217,2,71,71,47,34,10,3,0,0,236,19,23,28,23.76,6.06,6,40,97,0,8,23,15,0,0,215,0,115,115,105,133,236,2,0,0,1,235,0,2,236,0,2,38,39,40,38.81,1.52,0,61,13,55,105,138,100,53,185,228,6,1,66,30,48,6,63,4,2,2,1,15,238,0,0,0,0,129,109,15,0,0,215,0,15,207,16,3000,3314,3650,3297.32,503.67,11,198,26,4,233,9.2,0.87,1,237,121,0,0,14,107,5,12,49,11,30,65,56,7,0,2,2,0,0,0,0,0,0,2,0,0,0,0,0,0,0,0,0,0,0,0,0,0,0,8.856,NA,49.83,6.48,0,0,0,8.4,8.4,0,8.4
2015,"MUNICIPIO",220525,4412,4309,2182,2127,1166,2227,916,559,1099,469,NA,0.593,NA,NA,42,27,27,0,10,16,8,4,4,0,0,0,42,20.5,24,27,24.71,5.79,1,5,11,0,0,0,1,7,0,30,0,12,29,14,28,42,0,0,0,1,39,0,2,40,0,2,38,39,40,38.79,2.35,0,10,6,7,11,42,0,20,22,36,3,0,10,1,11,1,9,1,2,0,0,4,41,0,0,1,0,17,25,1,7,0,30,0,2,38,2,3052.5,3245,3476.25,3246.36,510.4,1,38,3,0,40,9.78,0.58,0,41,18,0,0,5,13,0,4,5,1,3,12,6,3,0,0,0,0,0,0,0,0,0,0,0,0,0,0,0,0,0,0,0,0,0,0,0,0,0,1.339,NA,38.22,4.08,0,0,0,0,0,0,0
2015,"MUNICIPIO",220527,4767,4656,2423,2233,1130,2368,1158,548,1129,556,NA,0.566,NA,NA,50,10,10,1,9,16,15,4,5,0,0,0,49,20,24,27.75,24.56,5.89,0,3,21,0,0,1,0,1,0,47,0,7,41,21,29,48,2,0,1,0,46,0,3,47,0,3,38,39,40,39.06,2.39,0,17,5,6,19,50,0,27,23,45,2,1,16,1,18,1,6,1,0,2,1,2,19,31,0,0,0,25,25,0,1,0,47,0,2,45,3,3000,3327.5,3607.5,3256.6,604.97,3,38,7,0,19,9.89,0.32,0,50,30,0,0,2,28,0,3,12,3,10,15,15,2,0,1,1,0,0,0,0,0,0,1,0,0,0,0,0,0,0,0,0,0,0,0,0,0,0,NA,NA,44.29,6.29,0,0,0,20,20,0,20
2015,"MUNICIPIO",220530,4392,4390,2221,2169,1203,2262,925,587,1095,487,NA,0.591,NA,NA,50,44,44,1,11,18,10,6,4,0,0,0,49,20,23,28.75,24.2,6.42,1,2,20,0,0,6,2,2,0,45,0,34,16,19,31,48,2,0,0,2,45,0,2,47,0,2,38,39,40,38.43,2.22,0,10,6,4,28,50,0,18,32,47,3,0,17,1,9,4,12,1,0,2,0,3,50,0,0,0,0,26,24,2,2,0,45,0,4,41,5,2950,3308,3600,3230.54,717.09,3,38,6,2,48,9.18,1.62,0,49,29,0,0,3,26,2,0,18,2,4,18,11,3,0,1,1,0,0,0,0,0,0,1,0,0,0,0,0,0,0,0,0,0,0,0,0,0,0,3.095,NA,45.66,6.6,0,0,0,20,20,0,20
2015,"MUNICIPIO",220535,2965,2960,1571,1389,750,1644,566,377,735,277,NA,0.561,NA,NA,39,37,37,0,7,12,14,3,3,0,0,0,39,20.5,25,28.5,24.64,5.77,0,0,16,0,1,0,5,2,0,32,0,16,23,13,26,39,0,0,0,0,39,0,0,39,0,0,39,40,40,39.33,1.11,0,12,3,4,20,39,0,13,26,38,1,0,11,2,15,0,10,0,1,0,0,0,39,0,0,0,0,20,19,5,2,0,32,0,3,33,3,2970,3300,3557.5,3275.13,539.53,5,29,5,0,38,9.37,0.71,1,38,22,0,0,1,21,3,4,10,1,3,16,6,0,0,0,0,0,0,0,0,0,0,0,0,0,0,0,0,0,0,0,0,0,0,0,0,0,0,2.3,1.8,53.06,7.42,0,0,0,0,0,0,0
2015,"MUNICIPIO",220540,14083,13817,7154,6663,4131,7277,2409,2019,3470,1174,NA,0.522,NA,NA,188,163,163,3,45,70,32,26,10,2,0,0,185,19,22,28,23.85,6.14,3,36,77,0,4,4,19,18,0,148,0,45,140,82,106,184,4,0,0,3,169,0,15,172,0,15,38,39,40,38.64,2.38,0,65,21,24,67,162,26,128,60,183,4,0,59,14,60,3,21,1,3,4,0,21,184,0,4,0,0,99,89,19,18,0,148,0,17,158,13,2900,3200,3507.5,3190.4,531.98,14,149,19,1,182,9.36,0.84,1,187,87,0,0,13,74,1,10,38,4,21,57,30,5,0,3,3,0,0,0,0,0,0,2,0,0,0,0,0,0,0,0,0,0,0,0,0,0,0,5.943,NA,54.18,6.18,0,0,0,15.96,15.96,0,15.96
2015,"MUNICIPIO",220545,5308,5100,2665,2435,1523,2749,828,733,1298,404,NA,0.504,NA,NA,81,45,45,2,18,21,26,9,4,1,0,0,79,20,24,28,24.49,6.01,1,17,31,0,2,4,3,4,0,64,0,23,55,22,59,79,2,0,0,1,77,0,3,78,0,3,38,39,40,38.9,2.01,0,18,6,13,23,78,3,35,46,70,6,2,19,1,23,3,16,2,4,2,2,6,77,1,3,0,0,40,41,3,4,0,64,0,4,70,7,3000,3400,3650,3319.68,510,5,58,14,3,71,9.28,1.01,0,76,18,0,0,2,16,0,3,7,1,5,13,5,0,0,1,1,0,0,0,0,0,0,1,0,0,0,0,0,0,0,0,0,0,0,0,0,0,0,NA,NA,62.4,3.39,0,0,0,12.35,12.35,0,12.35
2015,"MUNICIPIO",220550,38314,37085,18522,18563,9943,20009,7133,4883,10007,3673,NA,0.618,NA,NA,633,450,450,5,115,168,193,111,37,4,0,0,628,21,25,29,25.23,5.77,1,47,203,0,23,37,23,7,5,554,1,133,491,231,402,621,12,0,1,8,573,0,41,582,0,41,38,39,40,38.84,2.21,0,160,57,54,264,473,160,359,274,595,18,2,169,23,186,32,112,6,9,12,2,56,627,4,2,0,0,304,329,23,7,5,554,1,50,520,63,2955,3300,3650,3273.18,586.9,41,457,99,8,613,9.67,0.96,7,614,222,0,0,26,196,7,18,86,18,67,135,87,9,0,8,8,0,0,0,0,0,0,8,0,0,0,0,0,0,0,0,0,0,0,0,0,0,0,26.089,NA,63.26,5.79,0,0,0,12.64,12.64,0,12.64
2015,"MUNICIPIO",220551,5380,4757,2419,2338,1425,2410,922,688,1171,479,NA,0.57,NA,NA,59,20,20,2,16,16,13,5,7,0,0,0,57,19,23,28,24.49,6.82,0,7,26,0,1,3,2,0,1,55,0,13,44,22,37,57,2,0,0,0,56,0,3,56,0,3,38,39,40,38.86,1.93,0,10,0,2,43,59,0,32,27,56,1,0,13,5,19,4,8,1,0,2,0,5,36,23,0,0,0,33,26,2,0,1,55,0,5,50,4,2915,3260,3555,3248.56,510.37,5,47,5,0,26,9.81,0.63,1,58,16,0,0,3,13,2,1,6,2,2,13,3,1,0,0,0,0,0,0,0,0,0,0,0,0,0,0,0,0,0,0,0,0,0,0,0,0,0,1.851,NA,50.38,2.97,0,0,0,0,0,0,0
2015,"MUNICIPIO",220552,5510,5373,2800,2573,1629,2716,1028,769,1292,512,NA,0.582,NA,NA,71,40,40,0,22,23,16,8,1,1,0,0,71,19,22,26,23.21,5.55,0,3,26,0,1,1,3,2,0,64,0,17,52,32,39,71,0,0,1,0,65,0,5,66,0,5,38,39,40,39,2.25,0,13,6,6,45,71,0,40,31,63,0,0,26,3,16,1,13,0,0,0,0,4,71,0,0,0,0,38,33,3,2,0,64,0,5,56,10,3000,3350,3700,3343.06,648.66,7,51,11,0,55,9.33,0.75,1,58,24,0,0,4,20,0,3,9,4,4,16,8,0,0,2,2,0,0,0,0,0,0,2,0,0,0,0,0,0,0,0,0,0,0,0,0,0,0,2.133,NA,54.95,4.36,0,0,0,28.17,28.17,0,28.17
2015,"MUNICIPIO",220553,4657,4517,2354,2163,1248,2434,835,587,1160,416,NA,0.555,NA,NA,69,54,54,2,17,19,14,13,3,1,0,0,67,19,24,29,24.19,6.39,0,11,31,0,1,2,4,1,0,64,0,19,50,32,37,69,0,0,0,1,67,0,0,68,0,0,38,39,40,38.88,1.83,0,14,1,6,44,69,0,27,42,64,4,1,26,2,21,3,8,2,2,0,1,3,69,0,0,0,0,31,38,4,1,0,64,0,3,57,9,3084,3360,3650,3355.96,572.73,3,51,14,0,56,9.38,0.68,1,68,34,0,0,6,28,1,1,9,4,13,22,12,0,0,3,2,1,0,0,0,0,0,3,0,0,0,0,0,0,0,0,0,0,0,0,0,0,0,2.525,NA,59.48,7.3,0,0,0,43.48,28.99,14.49,43.48
2015,"MUNICIPIO",220554,2772,2656,1339,1317,742,1325,589,322,699,296,NA,0.597,NA,NA,44,35,35,1,7,12,13,7,3,0,1,0,43,21,25,29.25,25.41,6.48,1,4,18,0,1,2,7,2,0,30,0,12,31,10,34,44,0,0,0,0,43,0,1,43,0,1,38,39.5,40,39.14,1.53,0,9,3,3,27,44,0,25,19,40,0,0,7,2,20,1,8,0,0,0,0,2,44,0,0,0,0,31,13,7,2,0,30,0,3,38,3,2987.5,3295,3573.75,3253.39,495.81,5,34,5,0,44,9.8,0.41,0,44,16,0,0,4,12,0,1,7,1,3,9,7,3,0,0,0,0,0,0,0,0,0,0,0,0,0,0,0,0,0,0,0,0,0,0,0,0,0,2.772,NA,62.95,5.77,0,0,0,0,0,0,0
2015,"MUNICIPIO",220555,8330,8008,4124,3884,2436,4086,1486,1145,1990,749,NA,0.55,NA,NA,120,59,59,1,25,42,20,24,5,3,0,0,119,20,23,30,24.73,6.1,1,15,41,0,5,4,6,2,1,97,0,27,89,43,77,119,0,0,0,2,105,0,5,107,0,5,38,39,40,38.78,2.2,0,26,8,16,36,118,2,83,37,115,3,0,25,10,34,7,17,1,2,0,0,13,118,1,1,0,0,67,53,6,2,1,97,0,9,102,9,2938.25,3245,3603.75,3212.39,603.81,5,91,13,0,95,9.74,0.53,0,119,35,0,0,6,29,2,6,8,0,13,23,12,3,0,2,2,0,0,0,0,0,0,2,0,0,0,0,0,0,0,0,0,0,0,0,0,0,0,3.391,NA,60.3,4.2,0,0,0,16.67,16.67,0,16.67
2015,"MUNICIPIO",220556,4579,4523,2321,2202,1248,2397,878,604,1148,450,NA,0.502,NA,NA,78,59,59,1,13,22,23,13,5,1,0,0,77,20,25,29,25.17,6.22,0,13,31,0,1,4,22,5,0,50,0,28,50,35,43,74,4,0,0,0,77,0,1,77,0,1,38,39,40,38.82,1.25,0,26,2,5,42,69,9,31,47,73,2,3,29,4,26,1,10,2,0,3,3,0,69,7,2,0,0,42,36,22,5,0,50,0,10,63,5,2832.5,3240,3513.75,3174.87,536.2,9,56,8,0,65,9.12,0.91,0,78,27,0,0,2,25,1,6,10,1,7,10,17,4,0,0,0,0,0,0,0,0,0,0,0,0,0,0,0,0,0,0,0,0,0,0,0,0,0,NA,NA,67.94,5.9,0,0,0,0,0,0,0
2015,"MUNICIPIO",220557,6611,6422,3208,3214,2016,3215,1191,1027,1586,601,NA,0.529,NA,NA,78,51,51,0,17,18,22,16,3,2,0,0,78,20,25,30,25.51,6.27,1,7,36,0,2,3,14,0,2,54,0,21,51,41,37,76,2,0,0,0,72,0,6,72,0,6,38.25,39,41,39.31,1.72,0,14,7,11,42,78,0,41,37,73,2,0,33,4,19,1,13,1,1,2,0,3,77,1,0,0,0,41,37,14,0,2,54,0,5,71,2,2905,3160,3537.5,3148.87,568.42,8,63,5,0,70,9.51,0.63,1,74,27,0,0,4,23,1,3,8,4,7,17,10,0,0,1,0,1,0,0,1,0,0,0,0,0,0,0,0,0,0,0,0,0,0,0,0,0,0,NA,NA,49.18,4.08,0,0,0,12.82,0,12.82,12.82
2015,"MUNICIPIO",220558,3975,3863,1990,1873,1052,2053,758,508,993,372,NA,0.583,NA,NA,54,30,30,0,13,16,14,7,4,0,0,0,54,20.25,23.5,28,24.74,5.44,0,5,19,0,4,0,1,6,0,42,0,8,44,21,33,48,6,0,0,3,50,0,0,53,0,0,37,38,40,37.92,2.53,0,12,7,2,20,54,0,24,30,46,2,1,9,4,16,0,9,2,0,5,1,4,54,0,0,0,0,28,26,1,6,0,42,0,6,43,5,2867.5,3231.5,3522.25,3209.22,707,1,36,10,1,50,9.57,0.92,0,53,31,0,0,6,25,1,4,11,1,8,20,11,1,0,1,1,0,0,0,0,0,0,0,0,0,0,0,0,0,0,0,0,0,0,0,0,0,0,NA,NA,54.38,7.8,0,0,0,18.52,18.52,0,18.52
2015,"MUNICIPIO",220559,5047,4850,2463,2387,1323,2460,1067,636,1214,537,NA,0.541,NA,NA,63,55,55,3,21,12,13,7,6,0,0,1,59,18.5,23,29,24.51,8.21,1,6,30,0,2,3,7,3,0,52,0,22,41,27,36,62,0,0,0,1,54,0,8,55,0,8,38,39,40,39.08,2.57,0,13,3,8,39,63,0,27,36,60,1,0,22,2,20,0,11,1,0,0,0,4,63,0,0,0,0,28,35,7,3,0,52,0,9,48,6,2847.5,3245,3450,3102.06,638.75,9,44,5,1,62,9.87,0.68,0,63,23,0,0,3,20,0,3,10,2,5,12,11,2,0,3,3,0,0,0,0,0,0,3,0,0,0,0,0,0,0,0,0,0,0,0,0,0,0,NA,NA,51.89,4.56,0,0,0,47.62,47.62,0,47.62
2015,"MUNICIPIO",220560,5238,5281,2619,2662,1464,2533,1284,697,1302,663,NA,0.584,NA,NA,59,50,50,2,12,12,18,5,7,3,0,0,57,20,26,29.5,25.93,7.22,0,9,20,0,3,6,5,5,1,43,0,40,19,23,36,57,2,0,0,0,57,0,2,57,0,2,38,39,41,39.02,1.82,0,9,1,4,45,50,9,26,33,56,1,2,15,1,18,0,17,0,0,2,2,4,57,1,0,1,0,23,36,5,5,1,43,0,1,55,3,3010,3355,3632,3324.41,478.23,2,49,6,0,57,9.42,0.71,0,59,33,0,0,3,30,1,3,9,6,11,18,15,1,0,1,1,0,0,0,0,0,0,1,0,0,0,0,0,0,0,0,0,0,0,0,0,0,0,4.639,NA,45.31,6.3,0,0,0,16.95,16.95,0,16.95
2015,"MUNICIPIO",220570,29558,28406,14593,13813,7991,15576,4839,3871,7542,2400,NA,0.541,NA,NA,437,350,350,5,99,124,105,68,27,9,0,0,432,20,24,29,24.86,6.36,0,72,169,0,14,16,74,9,0,314,0,91,336,172,265,430,6,0,2,8,389,0,38,399,0,38,38,39,40,38.83,2.42,0,142,74,46,157,431,6,298,139,416,16,0,115,20,164,14,54,8,6,7,0,44,430,1,5,1,0,195,242,74,9,0,314,0,30,358,48,3000,3310,3696.25,3308.64,596.24,13,344,63,4,422,9.69,0.77,4,431,164,0,0,23,141,7,26,46,14,48,105,59,8,0,8,8,0,0,1,0,0,0,6,0,2,1,0,0,1,0,2,1,0,0,2,0,0,0,21.939,NA,57.94,5.55,457.67,26.52,26.52,18.31,18.31,0,18.31
2015,"MUNICIPIO",220580,25049,24721,12405,12316,6879,12825,5017,3292,6466,2558,NA,0.545,NA,NA,400,248,248,13,93,122,94,60,13,5,0,0,387,19,23,28,23.83,6.06,4,52,152,0,11,23,29,9,0,322,1,147,233,186,214,392,7,0,2,3,371,0,16,376,0,16,38,39,40,38.62,2.31,0,105,49,52,105,133,267,176,224,372,22,2,131,10,88,13,80,13,7,7,2,39,394,3,2,1,0,210,190,29,9,0,322,1,34,329,37,2948.75,3290,3602.5,3240.89,614.17,26,291,57,5,364,9.37,0.93,0,379,151,0,0,21,130,7,23,48,17,35,92,56,8,0,3,2,1,0,1,0,0,0,3,0,1,1,0,0,0,0,1,1,0,0,0,0,1,0,14.772,NA,61.86,6.03,250,15.47,15.47,7.5,5,2.5,7.5
2015,"MUNICIPIO",220585,8111,7816,4044,3772,2503,4113,1200,1195,1972,605,NA,0.563,NA,NA,153,129,129,0,50,43,39,15,6,0,0,0,153,19,22,27,23.27,5.68,0,10,47,0,4,2,8,4,1,130,0,39,112,70,83,151,2,0,2,0,143,0,7,145,0,7,38,39,40,38.63,2.61,0,34,9,25,74,153,0,57,96,146,5,0,57,3,37,3,29,2,1,2,0,16,153,0,0,0,0,85,68,8,4,1,130,0,8,132,13,3000,3250,3550,3253.59,508.82,10,119,20,2,145,9.16,0.88,4,148,43,0,0,10,33,0,8,13,1,11,23,20,6,0,1,1,0,0,0,0,0,0,1,0,0,0,0,0,0,0,0,0,0,0,0,0,0,0,NA,NA,77.59,5.3,0,0,0,6.54,6.54,0,6.54
2015,"MUNICIPIO",220590,5263,5213,2701,2512,1424,2738,1051,693,1291,528,NA,0.573,NA,NA,68,57,57,3,22,19,14,9,1,0,0,0,65,18,22,28,22.85,6.03,0,5,23,0,2,5,1,1,0,65,0,18,50,33,35,67,1,0,0,0,63,0,4,63,0,4,38.5,39,40,39.24,1.47,0,18,6,9,34,12,56,24,44,66,1,0,31,0,12,2,17,0,1,1,0,2,68,0,0,0,0,32,36,1,1,0,65,0,0,66,2,3050,3240,3402,3244.38,368.26,5,57,4,48,20,3.43,3.8,0,66,21,0,0,1,20,1,3,10,2,4,15,6,0,0,0,0,0,0,0,0,0,0,0,0,0,0,0,0,0,0,0,0,0,0,0,0,0,0,3.971,NA,52.67,3.99,0,0,0,0,0,0,0
2015,"MUNICIPIO",220595,8249,7812,3867,3945,2414,4173,1225,1198,2126,621,NA,0.562,NA,NA,126,114,114,2,34,32,33,16,7,2,0,0,124,19,23,29,24.09,6.42,2,15,44,0,5,12,16,0,1,109,0,66,60,55,71,125,1,0,0,1,120,0,3,121,0,3,38,39,40,38.56,1.81,0,30,6,7,75,126,0,42,84,121,3,0,30,15,30,8,25,1,2,1,0,11,124,2,0,0,0,55,71,16,0,1,109,0,9,115,2,2980,3165,3400,3184.71,441.72,7,100,14,1,125,9.42,0.96,3,123,40,0,0,9,31,0,3,19,3,6,22,18,3,0,1,0,1,0,0,1,0,0,0,0,0,0,0,0,0,0,0,0,0,0,0,0,0,0,NA,NA,59.27,4.85,0,0,0,7.94,0,7.94,7.94
2015,"MUNICIPIO",220600,4481,4456,2219,2237,1198,2255,1003,573,1118,546,NA,0.59,NA,NA,77,68,68,0,19,18,19,10,9,2,0,0,77,20,26,30,25.91,6.94,2,7,35,0,2,4,1,5,0,69,0,37,40,24,53,71,6,0,1,0,74,0,2,75,0,2,38,39,39,38.34,2.36,0,12,6,10,48,59,18,49,28,73,3,0,17,2,27,2,12,1,1,6,0,8,77,0,0,0,0,33,44,1,5,0,70,0,10,62,5,2850,3240,3525,3167.4,581.26,4,54,12,1,76,9.26,1.02,0,77,31,0,0,4,27,1,9,12,4,1,19,12,1,0,0,0,0,0,0,0,0,0,0,0,0,0,0,0,0,0,0,0,0,0,0,0,0,0,4.26,NA,68.87,6.92,0,0,0,0,0,0,0
2015,"MUNICIPIO",220605,6323,6220,3152,3068,1697,3158,1365,843,1530,695,NA,0.525,NA,NA,65,58,58,0,13,17,15,10,8,2,0,0,65,21,26,31,26.14,7.14,2,11,19,0,4,4,6,3,0,56,0,18,44,28,37,63,2,0,0,0,65,0,0,65,0,0,38,39,40,38.62,1.43,0,21,0,2,41,65,0,17,48,62,3,0,21,5,15,3,13,1,2,2,0,3,64,0,0,1,0,36,29,6,3,0,56,0,4,58,3,3000,3250,3568,3248.88,502.3,4,54,5,3,62,9.08,1.55,0,64,45,0,0,2,43,3,9,16,1,14,19,26,2,0,1,1,0,0,0,0,0,0,1,0,0,0,0,0,0,0,0,0,0,0,0,0,0,0,NA,NA,42.48,7.12,0,0,0,15.38,15.38,0,15.38
2015,"MUNICIPIO",220610,10718,10473,5266,5207,3259,5359,1855,1601,2636,970,NA,0.562,NA,NA,190,164,164,2,50,58,42,25,11,0,2,0,188,19,23,28,24.07,6.04,2,24,72,0,3,9,21,3,0,155,0,37,151,80,110,188,2,0,0,0,178,0,11,178,0,11,38,39,40,39.05,1.71,0,40,12,22,109,186,4,85,105,182,7,0,68,4,57,6,34,0,5,2,0,12,187,0,2,1,0,102,88,21,3,0,155,0,8,170,12,3000,3287.5,3600,3290.64,484.8,13,155,18,2,185,9.18,0.94,1,185,53,0,0,9,44,2,7,20,2,13,29,24,2,0,2,2,0,0,0,0,0,0,2,0,0,0,0,0,0,0,0,0,0,0,0,0,0,0,6.818,NA,72.08,4.94,0,0,0,10.53,10.53,0,10.53
2015,"MUNICIPIO",220620,33075,32289,16359,15930,10780,15790,5719,5247,7729,2954,NA,0.539,NA,NA,559,374,374,4,141,143,139,90,27,13,2,0,555,19,24,29,24.81,6.52,24,118,223,0,7,12,23,25,3,463,0,125,421,191,368,547,12,0,3,7,489,0,54,499,0,54,38,39,40,38.93,2.45,0,155,66,62,186,395,164,382,177,536,9,1,139,16,221,18,76,2,5,12,1,51,548,2,7,2,0,289,270,23,25,3,463,0,44,467,48,3035,3350,3669,3298.02,589.03,29,413,85,8,514,9.65,0.94,4,550,165,0,0,15,150,5,26,66,9,44,104,61,7,0,9,8,1,0,0,0,0,0,8,0,0,0,0,0,0,0,0,0,0,0,0,0,0,0,11.763,NA,72.33,4.99,0,0,0,16.1,14.31,1.79,16.1
2015,"MUNICIPIO",220630,1235,1253,657,596,377,632,244,164,310,122,NA,0.623,NA,NA,25,13,13,0,8,7,5,3,2,0,0,0,25,19,23,29,23.72,6.64,0,2,9,0,0,2,0,1,0,21,0,3,22,11,14,22,2,0,0,0,23,0,2,23,0,2,38,40,41,39.6,1.63,0,5,2,2,11,25,0,16,9,23,1,0,8,1,5,3,5,0,0,2,0,0,25,0,0,0,0,10,15,0,1,0,21,0,2,22,1,2958,3240,3475,3205.12,456.83,1,18,1,0,25,9.6,0.65,0,25,9,0,0,0,9,0,0,4,2,3,5,4,1,0,0,0,0,0,0,0,0,0,0,0,0,0,0,0,0,0,0,0,0,0,0,0,0,0,1.235,NA,80.65,7.29,0,0,0,0,0,0,0
2015,"MUNICIPIO",220635,6517,6769,3441,3328,2018,3441,1310,1009,1709,610,NA,0.508,NA,NA,45,22,22,1,11,12,10,7,4,0,0,0,44,19,23,29,24.09,6.41,0,12,19,0,0,1,12,2,0,25,0,8,33,20,25,45,0,0,0,1,41,0,2,42,0,2,38,39,40,38.93,2.33,0,10,1,1,32,45,0,28,17,40,1,0,10,4,14,5,3,0,1,0,0,3,44,1,0,0,0,22,23,12,2,0,25,0,2,38,5,3015,3450,3650,3356.33,488.86,4,32,7,0,32,9.66,0.75,0,45,25,0,0,4,21,2,6,9,0,4,18,7,2,0,0,0,0,0,0,0,0,0,0,0,0,0,0,0,0,0,0,0,0,0,0,0,0,0,4.758,NA,26.33,3.84,0,0,0,0,0,0,0
2015,"MUNICIPIO",220640,10410,10333,5105,5228,2634,5378,2321,1333,2693,1202,NA,0.615,NA,NA,128,90,90,1,29,22,43,20,8,5,0,0,127,20,26,30,25.59,6.79,0,17,40,0,5,8,7,10,3,105,0,27,100,44,84,127,1,1,1,1,112,0,10,115,0,10,38,39,40,38.82,2.93,0,35,8,8,48,124,4,72,56,116,4,0,35,1,40,1,28,2,1,1,0,10,128,0,0,0,0,61,67,7,10,3,105,0,11,106,11,2927.5,3257.5,3531.25,3216.7,563.42,10,98,15,2,124,9.64,0.78,1,126,75,0,0,5,70,0,9,44,5,12,46,29,6,0,3,3,0,0,0,0,0,0,2,0,0,0,0,0,0,0,0,0,0,0,0,0,0,0,7.031,NA,47.53,7.2,0,0,0,23.44,23.44,0,23.44
2015,"MUNICIPIO",220650,7586,7391,3715,3676,1835,3925,1631,886,1960,830,NA,0.561,NA,NA,102,98,98,3,33,23,19,21,3,0,0,0,99,18,23,29,23.6,6.35,0,13,39,0,3,15,25,0,0,77,0,36,66,47,55,100,2,0,0,1,99,0,2,100,0,2,38,39,39,38.31,1.81,0,31,3,11,55,102,0,20,82,96,6,0,25,11,15,4,29,3,1,2,0,12,102,0,0,0,0,50,52,25,0,0,77,0,9,91,2,2807.5,3100,3400,3101.25,468.76,4,92,4,1,101,9.48,0.84,0,102,48,0,0,11,37,3,2,19,3,10,26,22,1,0,0,0,0,0,0,0,0,0,0,0,0,0,0,0,0,0,0,0,0,0,0,0,0,0,4.084,NA,52.04,6.33,0,0,0,0,0,0,0
2015,"MUNICIPIO",220660,10444,10345,5285,5060,3319,5286,1740,1644,2521,895,NA,0.578,NA,NA,164,79,79,2,43,53,34,21,8,3,0,0,162,19,23,28,24.05,6.34,1,18,65,0,5,16,9,18,0,135,0,58,104,64,100,162,2,0,1,1,154,0,7,156,0,7,38,39,40,38.88,2.06,0,56,15,20,69,152,12,80,84,156,5,1,36,23,44,9,32,2,2,2,1,11,157,0,5,2,0,70,94,9,18,0,135,0,10,147,7,2966.5,3234,3500,3201.37,505.62,13,130,17,1,85,9.62,0.84,2,162,59,0,0,17,42,1,4,17,1,19,42,17,1,0,4,3,1,0,0,0,0,0,4,0,0,0,0,0,0,0,0,0,0,0,0,0,0,0,3.958,NA,65.05,5.65,0,0,0,24.39,18.29,6.1,24.39
2015,"MUNICIPIO",220665,4073,4068,2061,2007,1335,2057,676,672,998,337,NA,0.542,NA,NA,42,26,26,1,12,14,9,3,2,1,0,0,41,19,23,25.75,23.52,6.3,1,8,15,0,0,0,3,0,0,36,0,6,35,17,25,38,4,0,0,0,37,0,5,37,0,5,37.25,39,40,38.64,2.41,0,14,11,5,11,41,1,30,12,35,3,1,9,1,18,0,4,0,0,4,1,2,39,3,0,0,0,24,18,3,0,0,37,0,4,35,3,3029.5,3275,3637.5,3280.62,543.02,1,30,6,0,37,9.35,0.59,0,35,13,0,0,1,12,0,1,5,1,5,9,4,1,0,1,1,0,0,0,0,0,0,1,0,0,0,0,0,0,0,0,0,0,0,0,0,0,0,NA,NA,42.08,3.19,0,0,0,23.81,23.81,0,23.81
2015,"MUNICIPIO",220667,6657,6499,3323,3176,1998,3331,1170,974,1618,584,NA,0.55,NA,NA,114,99,99,2,26,34,30,17,4,1,0,0,112,20,24,28,24.24,5.9,3,12,50,0,3,1,12,2,0,94,0,15,97,50,64,110,4,0,0,1,105,0,8,106,0,8,38,39,40,38.95,2.03,0,33,6,12,58,114,0,60,54,108,3,0,36,7,39,3,14,1,1,4,0,7,113,0,1,0,0,58,56,12,2,0,94,0,7,101,6,2950,3300,3557.5,3247.72,508.52,9,84,16,3,111,9.03,1.19,0,112,33,0,0,8,25,1,6,13,0,5,18,15,6,0,0,0,0,0,0,0,0,0,0,0,1,0,0,0,1,0,1,1,0,0,0,1,0,0,5.5,NA,70.46,4.96,877.19,61.8,61.8,0,0,0,0
2015,"MUNICIPIO",220669,8903,8464,4422,4042,2779,4277,1408,1373,1989,680,NA,0.53,NA,NA,115,90,90,3,36,23,33,13,5,2,0,0,112,18,22,28,23.67,6.41,0,20,50,0,0,5,8,1,0,99,0,27,83,48,67,113,2,0,0,0,102,0,13,102,0,13,38,39,40,38.94,2.33,0,37,15,13,45,115,0,84,31,113,2,0,40,4,37,3,13,1,1,2,0,14,115,0,0,0,0,55,60,8,1,0,99,0,8,98,9,2955,3225,3620,3265.5,537.66,5,87,16,0,114,9.69,0.64,3,112,28,0,0,1,27,1,5,11,3,7,19,9,1,0,2,2,0,0,0,1,0,0,0,0,0,0,0,0,0,0,0,0,0,0,0,0,0,0,2.245,NA,57.82,3.15,0,0,0,17.39,17.39,0,17.39
2015,"MUNICIPIO",220670,7261,7321,3667,3654,1970,3602,1749,948,1787,919,NA,0.576,NA,NA,75,56,56,2,17,17,21,13,5,0,0,0,73,19.5,25,29,24.69,6.14,0,3,21,0,0,8,3,4,1,56,0,32,43,32,43,74,0,0,0,1,60,0,3,61,0,3,38,39,40,38.56,2.19,0,11,4,11,34,65,10,37,38,61,3,0,20,1,16,1,15,2,1,0,0,7,75,0,0,0,0,37,37,4,4,1,62,0,5,64,6,2943,3240,3522,3229.35,498.33,6,50,7,0,74,9.53,0.58,0,74,54,0,0,8,46,1,10,22,2,11,30,24,2,0,1,1,0,0,0,0,0,0,1,0,0,0,0,0,0,0,0,0,0,0,0,0,0,0,3.394,NA,41.97,7.44,0,0,0,13.33,13.33,0,13.33
2015,"MUNICIPIO",220672,8366,8068,4085,3983,2369,4063,1636,1148,1982,853,NA,0.602,NA,NA,172,111,111,5,39,51,47,15,13,2,0,0,167,19,24,28,24.38,6.24,1,14,61,0,2,2,6,14,1,147,0,44,126,52,120,172,0,1,2,1,159,0,5,163,0,5,38,39,40,38.61,2.65,0,39,15,12,51,169,3,111,61,167,2,0,39,8,57,5,40,2,0,0,0,14,168,0,2,2,0,85,87,6,14,1,147,0,20,143,9,2918.75,3182.5,3545,3189.65,596.18,18,131,18,3,166,9.49,1.13,0,171,49,0,0,11,38,1,4,19,5,9,29,20,3,0,0,0,0,0,0,0,0,0,0,0,2,0,0,0,1,1,1,1,0,0,0,1,0,0,2.168,NA,86.78,5.86,581.4,100.91,50.45,0,0,0,0
2015,"MUNICIPIO",220675,4747,4556,2331,2225,1073,2345,1138,515,1137,573,NA,0.586,NA,NA,58,7,7,0,9,16,17,11,4,1,0,0,58,22.25,25.5,30,26.05,5.67,1,8,15,0,3,3,0,1,0,56,0,16,41,22,36,56,2,0,0,0,56,0,1,56,0,1,38,39,39,38.61,1.74,0,16,1,6,29,58,0,27,31,53,2,2,17,3,18,4,6,1,1,2,2,2,12,46,0,0,0,29,29,0,1,0,56,0,6,48,4,2975,3322.5,3600,3240.6,689.82,3,45,7,1,11,9.33,2.02,0,58,23,0,0,1,22,1,3,9,2,7,10,13,2,0,0,0,0,0,0,0,0,0,0,0,0,0,0,0,0,0,0,0,0,0,0,0,0,0,NA,NA,51.01,4.85,0,0,0,0,0,0,0
2015,"MUNICIPIO",220680,8491,8206,4077,4129,2613,4220,1373,1302,2105,722,NA,0.533,NA,NA,134,104,104,4,35,39,24,14,16,1,0,1,129,19,23,29,24.47,7.57,6,30,55,0,1,4,10,4,1,112,0,31,101,54,80,134,0,0,2,1,124,0,7,127,0,7,38,39,40,38.72,2.67,0,39,21,18,41,127,7,105,29,126,3,0,40,4,51,5,15,2,1,0,0,11,129,1,2,2,0,80,54,10,4,1,112,0,13,116,5,3000,3237.5,3537.5,3186.77,606.71,12,111,10,6,123,9.32,1.85,2,128,38,0,0,8,30,2,3,11,2,12,26,12,1,0,6,6,0,0,0,1,0,0,4,0,0,0,0,0,0,0,0,0,0,0,0,0,0,0,2.54,NA,63.66,4.48,0,0,0,44.78,44.78,0,44.78
2015,"MUNICIPIO",220690,6483,6498,3234,3264,1623,3273,1602,784,1602,878,NA,0.562,NA,NA,80,67,67,0,20,19,18,17,6,0,0,0,80,19.75,25,30.25,25.14,6.61,1,9,21,0,5,9,12,2,0,65,0,25,55,32,48,74,6,0,1,2,74,0,3,77,0,3,38,39,40,38.61,2.52,0,19,5,10,43,78,2,38,42,74,4,0,25,2,26,1,14,1,0,6,0,3,80,0,0,0,0,33,47,12,2,0,65,0,8,71,1,2923.75,3305,3583.75,3181.26,587.46,2,66,4,3,77,9.59,1.43,0,79,54,0,0,3,51,2,3,17,4,25,28,26,3,0,3,3,0,0,0,0,0,0,2,0,0,0,0,0,0,0,0,0,0,0,0,0,0,0,4.179,NA,49.94,8.33,0,0,0,37.5,37.5,0,37.5
2015,"MUNICIPIO",220695,3387,3260,1672,1588,868,1631,761,427,797,364,NA,0.528,NA,NA,29,21,21,1,8,6,10,2,2,0,0,0,28,19,23,26,23.66,6.08,1,5,12,0,0,0,2,4,0,23,0,14,15,14,15,29,0,0,0,0,26,0,2,26,0,2,39,40,40.25,39.5,1.69,0,13,0,0,14,29,0,18,11,27,0,0,10,2,7,1,5,0,0,0,0,1,28,1,0,0,0,19,10,2,4,0,23,0,1,26,2,2860,3350,3720,3251.21,640.42,5,16,6,0,27,9.78,0.51,0,29,15,0,0,3,12,0,1,4,4,3,8,7,2,0,0,0,0,0,0,0,0,0,0,0,0,0,0,0,0,0,0,0,0,0,0,0,0,0,1.7,NA,36.39,4.43,0,0,0,0,0,0,0
2015,"MUNICIPIO",220700,36329,35640,17041,18599,9665,18836,7139,4819,9844,3936,NA,0.634,NA,NA,473,396,396,6,109,122,113,76,37,10,0,0,467,20,24,30,25.11,6.62,2,44,135,0,34,58,32,20,0,401,0,93,368,201,272,466,7,1,0,7,440,0,24,448,0,24,38,39,40,38.66,2.24,0,105,41,74,223,58,415,204,269,454,12,0,151,17,137,12,87,4,7,7,0,44,468,0,3,2,0,232,241,32,21,0,401,0,34,410,26,2906.25,3220,3548.75,3198.56,561.72,37,370,47,7,458,9.32,0.97,2,462,221,0,0,22,199,10,27,83,16,63,122,99,10,0,7,6,1,0,0,1,0,0,5,0,0,0,0,0,0,0,0,0,0,0,0,0,0,0,22.065,9.078,48.05,6.08,0,0,0,14.8,12.68,2.11,14.8
2015,"MUNICIPIO",220710,2400,2626,1308,1318,809,1276,541,406,637,275,NA,0.576,NA,NA,34,27,27,0,8,6,9,6,3,1,1,0,34,20,25,31.75,26.15,7.63,1,4,11,0,0,0,2,1,1,29,0,10,24,11,23,34,0,0,0,0,31,0,3,31,0,3,39,40,41,39.53,1.86,0,7,1,4,19,34,0,22,12,32,0,0,8,2,14,2,4,0,0,0,0,2,34,0,0,0,0,19,15,2,1,1,29,0,1,33,0,3105,3380,3512,3298.24,355.02,0,32,1,0,34,9.62,0.7,0,34,7,0,0,1,6,0,1,4,0,1,4,3,0,0,0,0,0,0,0,0,0,0,0,0,0,0,0,0,0,0,0,0,0,0,0,0,0,0,NA,NA,53.38,2.92,0,0,0,0,0,0,0
2015,"MUNICIPIO",220720,6748,6657,3229,3428,1680,3539,1438,840,1838,750,NA,0.541,NA,NA,95,80,80,1,24,31,16,10,10,3,0,0,94,19,22,29,24.66,7.01,2,12,35,0,1,8,19,4,1,69,0,45,47,40,55,93,2,0,0,0,94,0,0,94,0,0,38,39,39,38.59,1.54,0,27,12,18,34,87,8,30,65,91,3,1,21,15,19,9,20,1,1,2,1,5,88,1,5,1,0,51,44,19,4,1,69,0,5,83,7,3095,3320,3512.5,3309.69,483,3,79,10,5,82,8.69,1.35,0,95,61,0,0,8,53,0,6,30,7,10,35,26,2,0,1,1,0,0,0,0,0,0,1,0,0,0,0,0,0,0,0,0,0,0,0,0,0,0,4.467,NA,51.69,9.04,0,0,0,10.53,10.53,0,10.53
2015,"MUNICIPIO",220730,4071,4059,2048,2011,1177,2045,837,559,1025,427,NA,0.575,NA,NA,61,55,55,2,12,13,20,11,3,0,0,0,59,20,26,29,24.95,6.07,0,7,20,0,1,3,6,2,0,53,0,26,35,25,36,59,2,0,0,1,60,0,0,61,0,0,39,40,40,39.11,1.72,0,19,1,6,34,61,0,21,40,59,2,0,19,2,10,3,20,2,0,2,0,3,61,0,0,0,0,30,31,6,2,0,53,0,3,53,5,3010,3250,3470,3266.48,576.31,5,47,7,1,58,9.63,0.67,1,60,24,0,0,4,20,2,2,7,0,9,14,10,1,0,0,0,0,0,0,0,0,0,0,0,0,0,0,0,0,0,0,0,0,0,0,0,0,0,3.065,NA,59.51,5.9,0,0,0,0,0,0,0
2015,"MUNICIPIO",220735,3308,3363,1744,1619,880,1634,849,405,802,412,NA,0.559,NA,NA,27,20,20,1,4,8,9,4,1,0,0,0,26,20,25,28,24.48,6.21,1,0,9,0,3,4,2,1,0,24,0,10,17,16,11,23,4,0,0,0,27,0,0,27,0,0,37,38,40,38.26,2.05,0,7,2,1,13,27,0,12,15,23,3,1,11,2,4,1,2,1,1,4,1,0,27,0,0,0,0,16,11,2,1,0,24,0,6,20,1,2697.5,2950,3385,2947.48,642.26,3,19,1,2,24,9.23,1.56,1,26,20,0,0,0,20,1,1,12,3,3,7,13,1,0,1,1,0,0,0,0,0,0,1,0,1,0,0,0,1,0,1,0,0,0,0,0,0,0,1.65,NA,33.67,6.05,3703.7,124.69,124.69,37.04,37.04,0,37.04
2015,"MUNICIPIO",220740,4980,4993,2571,2422,1529,2562,902,746,1220,456,NA,0.557,NA,NA,64,35,35,1,15,14,18,11,3,2,0,0,63,19.75,25,29.25,24.86,6.74,0,8,32,0,0,5,6,3,0,54,0,19,44,24,40,62,2,0,0,0,62,0,2,62,0,2,38,39,40,38.45,1.85,0,15,11,4,33,64,0,13,51,62,2,0,5,19,6,5,21,0,2,2,0,4,64,0,0,0,0,32,32,6,3,0,54,0,5,59,0,2881,3150,3345.5,3037.06,480.39,6,55,1,0,38,9.58,0.6,2,62,21,0,0,1,20,0,0,11,4,5,10,11,0,0,1,1,0,0,0,0,0,0,0,0,0,0,0,0,0,0,0,0,0,0,0,0,0,0,1.701,NA,52.46,4.22,0,0,0,15.62,15.62,0,15.62
2015,"MUNICIPIO",220750,14206,13745,6781,6964,4168,6749,2828,2141,3367,1456,NA,0.562,NA,NA,195,105,105,4,43,55,45,25,19,4,0,0,191,20,24,29,24.82,6.83,1,25,66,0,1,9,7,27,2,146,1,59,130,73,122,195,0,0,1,1,180,0,7,182,0,7,37,39,40,38.49,2.47,0,57,27,18,53,158,37,124,71,188,5,0,53,6,58,3,33,2,3,0,0,30,191,0,1,3,0,110,85,7,27,2,146,1,14,164,17,2972.5,3360,3712.5,3312.33,525.59,12,142,32,3,149,9.57,0.75,3,190,66,0,0,9,57,0,6,28,7,16,34,32,4,0,1,1,0,0,0,0,0,0,1,0,1,0,1,0,0,0,1,1,0,0,0,1,0,0,9.654,NA,57.92,4.65,512.82,29.7,29.7,5.13,5.13,0,5.13
2015,"MUNICIPIO",220755,3900,4147,2143,2004,1080,2157,910,545,1017,442,NA,0.509,NA,NA,32,30,30,1,8,10,8,4,0,1,0,0,31,18.75,23,26,23.38,6.21,1,5,11,0,0,0,5,2,0,25,0,9,23,11,21,32,0,0,0,0,29,0,3,29,0,3,38,39,40,38.81,1.97,0,13,3,5,10,31,1,12,20,32,0,0,6,4,6,4,10,0,0,0,0,2,31,0,1,0,0,16,16,5,2,0,25,0,1,28,2,3000,3240,3415,3239.71,472.36,0,27,4,0,31,9.48,0.72,1,31,21,0,0,2,19,0,0,12,3,4,15,6,0,0,0,0,0,0,0,0,0,0,0,0,0,0,0,0,0,0,0,0,0,0,0,0,0,0,759,NA,31.47,5.38,0,0,0,0,0,0,0
2015,"MUNICIPIO",220760,10561,10276,5459,4817,3415,5197,1664,1621,2390,806,NA,0.575,NA,NA,140,21,21,2,36,49,34,10,8,1,0,0,138,19,23,27,23.59,5.79,1,24,59,0,5,5,12,8,1,118,0,64,75,40,100,140,0,0,1,3,130,0,6,134,0,6,38,39,40,38.81,2.41,0,55,14,19,50,75,65,96,44,132,3,0,33,3,50,4,31,0,3,0,0,11,140,0,0,0,0,76,64,12,8,1,118,0,10,112,18,3037.5,3300,3600,3288.78,589.47,10,108,20,0,30,9.43,0.63,2,133,52,0,0,7,45,2,7,19,6,11,36,16,3,0,3,3,0,0,0,0,0,0,3,0,0,0,0,0,0,0,0,0,0,0,0,0,0,0,4.988,NA,58.58,4.92,0,0,0,21.43,21.43,0,21.43
2015,"MUNICIPIO",220770,149803,145705,69727,75978,36764,81442,27499,18079,42476,15423,NA,0.687,NA,NA,2434,2027,2027,27,494,611,644,436,181,41,0,0,2407,20,25,30,25.43,6.42,1,174,743,0,121,282,404,70,6,1794,1,581,1833,1048,1386,2392,42,0,7,23,2178,0,224,2208,0,224,38,39,40,38.8,2.25,0,672,321,276,1039,54,2380,1363,1071,2338,64,9,715,176,726,98,366,23,38,40,9,220,2421,0,9,4,0,1219,1215,404,70,6,1794,1,180,2073,181,2950.5,3300,3600,3259.7,563.21,118,1980,256,32,2353,9.63,0.98,29,2398,1015,0,0,112,903,45,151,252,111,344,545,470,45,0,37,36,1,0,1,9,0,0,19,0,3,1,0,0,1,1,2,2,0,0,0,0,1,1,145.29,37.957,57.3,6.78,82.17,7.06,4.71,15.2,14.79,0.41,15.2
2015,"MUNICIPIO",220775,4482,4546,2316,2230,1312,2373,861,636,1159,435,NA,0.561,NA,NA,71,46,46,0,13,27,15,11,4,1,0,0,71,20,24,28.5,24.65,5.88,0,14,15,0,1,1,5,3,2,58,0,17,53,24,47,71,0,1,0,1,64,0,5,66,0,5,38,39,41,38.72,3.44,0,14,0,0,42,69,2,43,28,68,2,0,19,1,19,2,17,1,1,0,0,10,67,1,1,2,0,31,40,5,3,2,58,0,5,64,2,2892.5,3200,3467.5,3171.27,608.28,1,61,6,0,66,9.65,0.57,0,70,17,0,0,3,14,0,3,8,0,3,11,6,0,0,1,1,0,0,0,0,0,0,1,0,0,0,0,0,0,0,0,0,0,0,0,0,0,0,2.973,NA,61.26,3.79,0,0,0,14.08,14.08,0,14.08
2015,"MUNICIPIO",220777,6257,6105,3093,3012,1576,3079,1450,767,1532,713,NA,0.563,NA,NA,47,40,40,1,12,13,11,9,1,0,0,0,46,19,23,29,24.13,6.21,0,7,15,0,1,2,5,0,0,41,0,21,26,24,23,47,0,0,0,0,45,0,2,45,0,2,38,39,40,38.85,1.49,0,12,2,7,25,46,1,19,27,44,0,0,16,8,8,3,8,0,0,0,0,1,46,0,1,0,0,31,16,5,0,0,41,0,2,42,3,2975,3250,3550,3270.7,426.75,2,40,5,2,40,8.93,1.54,1,46,40,0,0,9,31,1,6,18,0,6,27,13,1,0,2,2,0,0,0,0,0,0,2,0,0,0,0,0,0,0,0,0,0,0,0,0,0,0,2.346,NA,30.68,6.39,0,0,0,42.55,42.55,0,42.55
2015,"MUNICIPIO",220779,3937,3757,1935,1822,1129,1782,846,545,860,417,NA,0.514,NA,NA,51,26,26,0,10,16,9,8,8,0,0,0,51,21,24,30,25.94,6.66,0,5,19,0,0,0,7,0,0,40,0,16,35,22,29,49,2,0,0,1,47,0,1,48,0,1,38,39,40,38.89,2.25,0,12,1,3,16,51,0,25,26,47,2,0,16,1,9,3,9,2,0,2,0,5,50,1,0,0,0,27,24,7,0,0,42,0,4,42,5,3007.5,3355,3627.5,3345.2,559.09,4,34,6,0,47,9.83,0.43,0,51,19,0,0,1,18,1,4,7,1,5,10,9,0,0,1,1,0,0,0,1,0,0,0,0,0,0,0,0,0,0,0,0,0,0,0,0,0,0,NA,NA,59.3,4.83,0,0,0,19.61,19.61,0,19.61
2015,"MUNICIPIO",220780,20168,19785,9567,10218,5732,10414,3639,2890,5426,1902,NA,0.6,NA,NA,352,136,136,7,88,96,81,51,23,5,1,0,345,19,23,29,24.55,6.68,2,61,137,0,5,21,63,23,3,190,0,114,229,141,211,339,13,0,0,5,328,0,16,333,0,16,38,39,40,38.49,2.3,0,82,37,47,164,41,311,175,177,307,21,4,97,4,103,7,51,6,7,12,4,39,342,0,10,0,0,173,179,63,23,3,190,0,27,307,17,2890,3215,3540,3183.38,524.65,22,270,40,4,193,9.16,1.07,0,338,126,0,0,15,111,5,10,37,12,47,74,52,5,0,8,8,0,0,0,1,0,0,5,0,0,0,0,0,0,0,0,0,0,0,0,0,0,0,14.048,NA,64.87,6.25,0,0,0,22.73,22.73,0,22.73
2015,"MUNICIPIO",220785,3637,3663,1950,1713,964,1900,799,459,870,384,NA,0.526,NA,NA,43,37,37,1,11,14,8,7,2,0,0,0,42,18.5,24,28,23.86,5.87,0,5,19,0,0,2,3,2,0,34,0,18,24,14,29,43,0,0,0,0,40,0,2,40,0,2,38,39,40,38.93,1.61,0,10,4,2,26,43,0,17,26,42,1,0,8,4,12,1,13,0,1,0,0,3,43,0,0,0,0,24,19,3,2,0,34,0,1,38,4,3115,3450,3670,3378.19,438.72,3,31,8,3,40,8.77,1.63,0,42,20,0,0,0,20,0,2,14,1,3,8,12,2,0,0,0,0,0,0,0,0,0,0,0,0,0,0,0,0,0,0,0,0,0,0,0,0,0,2.601,NA,49.43,5.5,0,0,0,0,0,0,0
2015,"MUNICIPIO",220790,38055,37496,18443,19053,10934,18513,8049,5298,9524,4231,NA,0.571,NA,NA,611,219,219,7,138,169,142,95,43,13,2,2,602,20,24,30,25.14,6.78,2,91,279,0,7,30,193,4,0,332,1,184,307,266,345,601,6,0,2,7,558,0,38,567,0,38,38,39,40,38.97,2.23,0,183,61,84,238,211,400,393,218,589,7,2,130,103,137,92,66,5,2,6,2,50,607,2,2,0,0,306,305,193,4,0,332,1,35,528,48,2975,3265,3600,3271.49,555.99,39,475,78,7,344,9.42,0.99,1,604,234,0,0,30,204,6,31,65,19,83,141,93,5,0,7,7,0,0,0,1,0,0,4,0,0,0,0,0,0,0,0,0,0,0,0,0,0,0,27.978,NA,64.15,6.15,0,0,0,11.46,11.46,0,11.46
2015,"MUNICIPIO",220793,2481,2407,1251,1156,734,1247,426,351,598,207,NA,0.562,NA,NA,31,30,30,0,7,7,7,6,3,1,0,0,31,20.5,25,30,26,6.85,0,5,7,0,0,3,5,2,0,24,0,10,21,8,23,31,0,0,0,1,28,0,2,29,0,2,38,39,40,39.1,1.99,0,13,3,2,12,31,0,16,15,29,2,0,5,1,15,1,6,1,1,0,0,1,31,0,0,0,0,18,13,5,2,0,24,0,3,27,1,2980,3150,3365,3098.23,461.51,3,27,1,1,30,9.42,0.99,0,31,11,0,0,2,9,0,0,6,0,3,5,6,0,0,2,2,0,0,0,0,0,0,1,0,0,0,0,0,0,0,0,0,0,0,0,0,0,0,NA,NA,51.84,4.43,0,0,0,64.52,64.52,0,64.52
2015,"MUNICIPIO",220795,4286,4187,2152,2035,1295,2164,728,643,1035,357,NA,0.554,NA,NA,68,68,68,1,23,22,12,8,2,0,0,0,67,18,21,25.25,22.81,5.78,1,4,32,0,0,3,5,4,4,55,0,41,27,24,44,68,0,0,0,0,67,0,1,67,0,1,38,39,40,39.06,1.5,0,30,2,6,29,67,1,29,39,68,0,0,20,2,28,1,15,0,0,0,0,2,67,0,1,0,0,35,33,5,4,4,55,0,3,62,3,2975,3150,3415,3222.35,462.74,5,58,5,2,66,9.29,1.02,0,68,25,0,0,2,23,1,5,9,4,4,11,14,0,0,2,2,0,0,0,0,0,0,2,0,0,0,0,0,0,0,0,0,0,0,0,0,0,0,962,NA,65.7,5.83,0,0,0,29.41,29.41,0,29.41
2015,"MUNICIPIO",220800,76544,73414,35061,38353,17438,42598,13378,8660,22322,7371,NA,0.698,NA,NA,1149,1068,1068,11,222,295,284,220,96,20,1,0,1138,20,25,30,25.7,6.42,4,71,291,0,65,180,253,14,0,879,0,311,832,481,668,1136,13,2,5,8,1107,0,26,1122,0,26,38,39,39,38.47,2.06,0,266,128,112,583,110,1039,296,853,1111,31,1,304,122,236,48,317,16,10,13,1,75,1148,0,1,0,0,598,550,253,14,0,879,0,79,1001,69,2920,3236,3550,3205.4,555.41,53,956,124,26,1122,9.32,1.15,7,1141,515,0,0,67,448,24,67,148,62,147,277,237,27,0,18,17,1,0,0,3,0,0,12,0,0,0,0,0,0,0,0,0,0,0,0,0,0,0,75.076,19.314,51.47,6.73,0,0,0,15.67,14.8,0.87,15.67
2015,"MUNICIPIO",220810,11913,11733,5998,5735,3325,5974,2434,1599,2927,1209,NA,0.566,NA,NA,130,110,110,2,34,38,28,14,10,3,1,0,128,19,23,29,24.34,6.82,2,21,52,0,5,9,21,2,0,103,0,50,80,51,79,127,2,1,1,2,121,0,4,125,0,4,38,39,40,38.33,2.81,0,34,20,10,61,121,9,53,76,122,6,0,35,4,35,1,29,3,3,2,0,16,127,0,2,1,0,67,63,21,2,0,103,0,12,111,7,2926.25,3220,3542.5,3188.2,592.08,9,96,17,6,119,9.57,1.52,2,126,67,0,0,4,63,2,17,20,5,19,36,31,2,0,4,4,0,0,1,0,0,0,3,0,1,1,0,0,0,0,1,1,0,0,1,0,0,0,6.002,NA,44.41,5.62,769.23,34.16,34.16,30.77,30.77,0,30.77
2015,"MUNICIPIO",220820,18061,17671,8820,8851,4883,9576,3212,2366,4814,1671,NA,0.564,NA,NA,268,244,244,2,71,66,68,40,16,5,0,0,266,19,24,29,24.68,6.34,6,49,92,0,6,15,35,3,0,225,0,48,214,106,162,260,8,0,0,2,260,0,6,262,0,6,38,39,40,38.49,1.98,0,46,15,23,176,208,60,119,149,257,8,0,84,15,82,11,44,2,3,8,0,18,265,0,3,0,0,123,145,35,3,0,225,0,23,238,7,2897.5,3200,3500,3167.66,532.9,14,225,21,5,262,9.29,0.91,0,266,102,0,0,16,86,4,21,35,8,18,56,46,3,0,3,3,0,0,0,0,0,0,3,0,0,0,0,0,0,0,0,0,0,0,0,0,0,0,7.432,NA,55.67,5.65,0,0,0,11.19,11.19,0,11.19
2015,"MUNICIPIO",220830,28160,27553,13628,13925,7405,14778,5370,3706,7409,2810,NA,0.596,NA,NA,439,427,427,8,92,109,123,65,38,4,0,0,431,20,25,29,25.08,6.29,10,65,149,0,19,31,37,1,1,396,0,123,315,174,265,437,2,0,1,2,405,0,31,408,0,31,38,39,40,38.98,2.03,0,81,29,33,292,65,374,279,160,425,10,2,148,9,168,4,63,3,7,1,2,32,439,0,0,0,0,241,198,37,1,1,396,0,18,382,39,3052.5,3325,3630,3340.72,524.31,23,342,69,3,436,9.83,0.7,0,439,190,0,0,30,160,4,23,68,22,43,118,72,9,0,7,7,0,0,0,1,1,0,4,0,1,0,0,0,1,0,1,1,0,0,0,1,0,0,24.795,NA,59.25,6.75,227.79,13.5,13.5,15.95,15.95,0,15.95
2015,"MUNICIPIO",220840,62650,61834,30138,31696,15914,32643,13277,7722,16821,7153,NA,0.635,NA,NA,1002,716,716,12,184,288,265,164,70,19,0,0,990,20,25,30,25.26,6.22,6,112,331,0,30,75,121,18,5,713,2,178,791,412,590,983,19,0,3,14,918,0,67,935,0,67,38,39,40,38.89,2.4,0,187,90,92,600,162,840,541,461,936,39,2,314,20,332,14,149,17,16,19,2,94,989,12,0,1,0,517,485,121,18,5,713,2,68,852,82,2935.25,3260,3577.5,3240.68,580.9,75,760,126,8,960,9.65,0.77,3,984,425,0,0,46,379,8,64,140,57,110,240,185,19,0,19,18,1,0,0,2,0,0,14,0,2,0,0,0,2,0,2,2,0,0,0,1,0,0,57.33,NA,59.57,6.78,199.6,11.89,11.89,18.96,17.96,1,18.96
2015,"MUNICIPIO",220850,12284,11897,6009,5888,4100,5933,1864,2011,2894,983,NA,0.549,NA,NA,209,141,141,2,50,59,48,29,19,2,0,0,207,20,24,29,24.8,6.42,5,34,88,0,3,7,9,4,0,183,0,60,147,71,138,201,8,0,2,0,195,0,11,197,0,11,38,39,40,38.75,2.46,0,65,24,23,78,137,72,150,59,194,6,0,57,7,72,3,26,2,2,8,0,24,209,0,0,0,0,114,95,9,4,0,185,0,23,178,8,3000,3310,3600,3218.6,585.08,15,156,25,8,199,9.47,1.54,2,181,59,0,0,9,50,0,10,21,4,15,37,22,1,0,7,7,0,0,0,0,0,0,6,0,1,0,0,0,1,0,1,1,0,1,0,0,0,0,7.692,NA,72.22,4.8,478.47,34.55,34.55,33.49,33.49,0,33.49
2015,"MUNICIPIO",220855,2647,2559,1324,1235,757,1339,463,390,626,219,NA,0.563,NA,NA,39,35,35,0,5,12,13,5,3,1,0,0,39,21,25,28,25.59,6.24,0,7,15,0,1,2,3,3,0,30,0,25,14,13,26,39,0,0,0,0,35,0,3,35,0,3,38,39,40,39.13,1.7,0,8,7,9,14,36,3,23,16,38,0,0,8,5,11,1,10,0,0,0,0,2,39,0,0,0,0,18,21,3,3,0,31,0,3,33,3,3000,3342,3713,3319.31,520.62,5,29,4,0,39,9.36,0.81,1,38,11,0,0,3,8,0,2,3,0,3,8,3,0,0,0,0,0,0,0,0,0,0,0,0,0,0,0,0,0,0,0,0,0,0,0,0,0,0,NA,NA,62.3,4.16,0,0,0,0,0,0,0
2015,"MUNICIPIO",220860,3106,3085,1551,1534,825,1456,804,395,725,414,NA,0.565,NA,NA,39,29,29,1,6,14,9,6,3,0,0,0,38,20.5,24,28,24.77,6.45,0,8,15,0,1,0,3,3,0,31,0,6,33,18,21,39,0,0,0,0,38,0,1,38,0,1,38,39,40,39.21,1.42,0,10,1,2,19,39,0,21,18,37,1,0,15,1,12,0,8,1,0,0,0,1,39,0,0,0,0,29,10,3,3,0,31,0,2,36,1,3015,3350,3523,3278.46,423.31,2,33,3,0,39,9.79,0.61,1,38,22,0,0,2,20,0,1,8,2,9,11,11,1,0,0,0,0,0,0,0,0,0,0,0,0,0,0,0,0,0,0,0,0,0,0,0,0,0,2.775,NA,53.79,7.08,0,0,0,0,0,0,0
2015,"MUNICIPIO",220865,8796,8553,4280,4273,2279,4589,1685,1154,2229,890,NA,0.515,NA,NA,95,38,38,1,28,27,15,14,8,2,0,0,94,19,23,29.5,24.49,6.82,1,11,34,0,0,4,29,7,1,33,0,33,61,46,49,95,0,0,0,1,85,0,6,86,0,6,38.75,39,40,39,2.24,0,27,5,5,55,87,8,59,36,85,4,1,33,3,29,2,8,4,0,0,1,9,91,2,2,0,0,40,55,30,7,1,34,0,5,87,3,2977.5,3220,3502.5,3221.04,446.1,6,71,11,0,51,9.37,0.69,1,89,56,0,0,8,48,1,2,23,4,18,22,34,5,0,1,1,0,0,0,1,0,0,0,0,0,0,0,0,0,0,0,0,0,0,0,0,0,0,NA,NA,42.62,6.37,0,0,0,10.53,10.53,0,10.53
2015,"MUNICIPIO",220870,8600,8400,4223,4177,2763,4190,1447,1353,2054,770,NA,0.589,NA,NA,133,63,63,2,42,38,27,16,5,2,1,0,131,19,22,27,23.63,6.4,1,10,50,0,5,12,4,12,0,114,0,42,91,54,79,131,2,0,0,1,124,0,6,125,0,6,38,39,40,38.68,2.03,0,51,18,16,43,131,2,57,76,126,5,0,27,18,26,15,27,2,3,2,0,10,133,0,0,0,0,72,61,4,12,0,116,0,11,117,5,2850,3200,3520,3187.86,496.45,16,99,14,0,67,9.63,0.55,1,132,40,0,0,5,35,2,4,13,2,14,28,12,2,0,1,1,0,0,0,0,0,0,1,0,1,0,0,0,0,1,0,0,0,0,0,0,0,0,NA,50,64.75,4.65,0,48.69,0,7.52,7.52,0,7.52
2015,"MUNICIPIO",220880,17697,17556,8590,8966,4795,9046,3715,2316,4618,2032,NA,0.591,NA,NA,289,219,219,7,53,82,70,59,15,3,0,0,282,20,25,30,25.09,6.25,4,28,118,0,3,16,19,42,4,211,1,107,177,95,194,285,4,0,1,5,259,0,19,265,0,19,38,39,40,38.8,2.38,0,78,17,19,137,208,81,181,108,268,10,1,69,10,108,11,44,2,5,4,1,20,289,0,0,0,0,155,134,19,42,4,211,1,15,251,23,2950,3220,3600,3254.37,561.36,21,213,40,0,287,9.6,0.74,2,283,129,0,0,15,114,2,19,59,5,29,69,60,9,0,1,1,0,0,0,0,0,0,0,0,2,0,0,0,0,2,0,0,0,0,0,0,0,0,12.606,NA,62.58,7.29,0,43.31,0,3.46,3.46,0,3.46
2015,"MUNICIPIO",220885,4252,4241,2220,2021,1367,2178,696,655,1022,344,NA,0.541,NA,NA,75,14,14,0,21,22,18,11,2,1,0,0,75,19,24,27.5,24.2,5.68,1,8,33,0,1,7,3,7,1,64,0,24,50,26,49,75,0,0,1,1,69,0,4,71,0,4,39,40,40,39.11,2.62,0,23,3,8,38,71,4,50,25,73,1,1,20,4,37,4,5,0,1,0,1,3,71,0,3,1,0,49,26,3,7,1,64,0,2,69,4,3050,3400,3600,3289.76,540.8,7,62,6,0,14,9.43,0.65,0,75,22,0,0,0,22,2,0,2,0,18,15,7,2,0,0,0,0,0,0,0,0,0,0,0,0,0,0,0,0,0,0,0,0,0,0,0,0,0,3.199,NA,73.39,5.17,0,0,0,0,0,0,0
2015,"MUNICIPIO",220887,4381,4263,2138,2125,1253,2194,816,628,1085,412,NA,0.52,NA,NA,44,40,40,0,10,7,15,6,5,1,0,0,44,20,26,30,25.98,6.83,1,2,16,0,1,5,2,3,0,38,0,19,25,15,29,44,0,0,0,0,44,0,0,44,0,0,38,39,40,38.73,1.66,0,15,2,10,17,43,1,21,23,44,0,0,13,1,17,0,8,0,0,0,0,5,43,0,1,0,0,24,20,2,3,0,38,0,5,37,2,2787.5,3115,3350,3083.5,451.26,4,37,3,0,42,9.36,0.79,0,44,15,0,0,2,13,0,1,8,1,3,10,5,1,0,0,0,0,0,0,0,0,0,0,0,0,0,0,0,0,0,0,0,0,0,0,0,0,0,NA,NA,40.55,3.42,0,0,0,0,0,0,0
2015,"MUNICIPIO",220890,7151,6845,3511,3334,2193,3554,1098,1110,1668,556,NA,0.601,NA,NA,95,16,16,2,25,29,21,13,5,0,0,0,93,19,23,28,23.73,5.88,2,9,32,0,8,6,5,1,0,78,0,18,74,39,56,93,2,0,1,1,86,0,3,88,0,3,37.5,39,39,38.12,2.74,0,33,11,11,37,24,71,39,56,67,2,0,15,3,21,3,10,1,1,2,0,13,73,20,1,1,0,42,53,5,1,0,78,0,9,82,3,2962.5,3300,3550,3208.65,545.28,7,68,13,0,18,9.78,0.55,1,93,30,0,0,7,23,0,3,6,6,8,19,11,1,0,0,0,0,0,0,0,0,0,0,0,0,0,0,0,0,0,0,0,0,0,0,0,0,0,4.286,NA,56.95,4.2,0,0,0,0,0,0,0
2015,"MUNICIPIO",220900,6329,6273,3113,3160,1658,3190,1425,859,1568,733,NA,0.572,NA,NA,90,77,77,4,29,19,21,9,7,1,0,0,86,18,23,27.75,23.49,6.68,1,15,34,0,1,4,10,8,1,69,0,38,51,40,50,90,0,0,0,1,80,0,4,81,0,4,38,39,40,38.46,2.38,0,17,7,17,46,82,8,45,45,86,3,0,28,5,19,5,13,2,1,0,0,11,90,0,0,0,0,32,58,10,8,1,69,0,6,79,5,2905,3257.5,3550,3238.49,523.35,7,63,14,1,87,9.55,0.74,0,89,42,0,0,7,35,2,5,17,6,5,22,20,3,0,0,0,0,0,0,0,0,0,0,0,0,0,0,0,0,0,0,0,0,0,0,0,0,0,4.771,NA,57.4,6.64,0,0,0,0,0,0,0
2015,"MUNICIPIO",220910,6127,6027,2973,3054,1512,3111,1404,771,1528,755,NA,0.601,NA,NA,68,59,59,0,11,15,17,19,5,1,0,0,68,21.75,27,31.25,26.74,6.28,1,5,18,0,4,4,8,0,0,58,1,18,50,25,43,68,0,0,0,1,64,0,2,65,0,2,38,39,39,38.67,1.89,0,17,3,6,36,52,16,27,41,67,1,0,18,5,23,6,12,0,1,0,0,2,67,0,1,0,0,34,34,8,0,0,58,1,2,64,2,2930,3180,3500.5,3192.21,509.31,6,52,8,2,64,9.48,0.9,0,68,46,0,0,6,40,1,8,23,1,7,24,22,2,0,0,0,0,0,0,0,0,0,0,0,0,0,0,0,0,0,0,0,0,0,0,0,0,0,4.866,NA,44.5,7.51,0,0,0,0,0,0,0
2015,"MUNICIPIO",220915,3926,3794,1884,1910,1059,1939,796,517,983,410,NA,0.577,NA,NA,40,30,30,0,15,9,8,7,1,0,0,0,40,17.75,22,28,23.23,5.95,1,1,13,0,2,2,2,0,0,37,0,21,19,20,20,36,4,0,0,0,39,0,1,39,0,1,39,39,40,39.4,1.19,0,8,1,2,25,38,2,21,19,37,2,0,19,0,10,0,5,0,1,4,0,0,39,0,1,0,0,18,22,2,0,0,37,0,2,34,4,3161.25,3315,3701.25,3370.3,460.99,0,33,3,2,37,9.49,1.92,0,40,23,0,0,5,18,0,4,11,0,3,11,12,1,0,0,0,0,0,0,0,0,0,0,0,0,0,0,0,0,0,0,0,0,0,0,0,0,0,3.926,NA,40.69,5.86,0,0,0,0,0,0,0
2015,"MUNICIPIO",220920,6153,6096,3217,2879,2082,3053,961,1018,1383,478,NA,0.544,NA,NA,121,61,61,1,35,39,24,16,5,1,0,0,120,19,22,27,23.53,5.77,0,20,51,0,2,2,5,4,0,95,0,47,66,44,77,119,2,0,0,2,105,0,8,107,0,8,38,39,40,38.83,2.39,0,57,12,4,21,14,107,83,38,107,0,2,23,6,46,0,11,0,0,2,2,13,24,96,1,0,0,56,65,5,4,0,100,0,4,97,20,3300,3600,3800,3514.54,518.13,4,75,30,1,113,9.68,0.78,0,118,30,0,0,4,26,2,4,9,2,9,20,9,5,0,2,2,0,0,0,0,0,0,1,0,1,0,1,0,0,0,1,1,0,0,1,0,0,0,1.467,NA,87.49,4.88,826.45,72.31,72.31,16.53,16.53,0,16.53
2015,"MUNICIPIO",220930,5719,5513,2868,2645,1663,2822,1028,818,1308,519,NA,0.588,NA,NA,74,40,40,4,21,11,17,14,4,3,0,0,70,19,25,30,24.76,7.48,0,12,25,0,1,4,12,2,0,60,0,13,61,31,43,74,0,0,0,1,71,0,1,72,0,1,38,39,40,38.95,1.72,0,7,3,8,55,74,0,34,40,72,2,0,18,10,17,8,14,1,1,0,0,4,74,0,0,0,0,33,41,12,2,0,60,0,6,66,2,2948.5,3200,3562.5,3198.58,488.35,7,61,5,0,41,9.54,0.6,0,74,35,0,0,9,26,0,6,11,2,7,15,20,8,0,0,0,0,0,0,0,0,0,0,0,0,0,0,0,0,0,0,0,0,0,0,0,0,0,3.588,NA,56.57,6.12,0,0,0,0,0,0,0
2015,"MUNICIPIO",220935,4544,4917,2399,2518,1216,2602,1099,647,1301,570,NA,0.574,NA,NA,42,41,41,0,5,13,14,8,2,0,0,0,42,21,26,29,25.62,5.31,1,7,14,0,1,4,11,0,0,30,0,7,35,14,28,42,0,0,0,0,41,0,1,41,0,1,38,39,39,38.38,1.61,0,14,10,5,12,42,0,10,32,41,1,0,9,4,8,1,15,0,1,0,0,4,42,0,0,0,0,17,25,11,0,0,30,0,3,38,1,2805,3102.5,3500,3129.45,459.39,1,38,3,0,42,9.52,0.74,0,42,44,0,0,6,38,0,6,17,7,8,33,11,1,0,0,0,0,0,0,0,0,0,0,0,0,0,0,0,0,0,0,0,0,0,0,0,0,0,2.099,NA,32.28,9.68,0,0,0,0,0,0,0
2015,"MUNICIPIO",220937,5178,5149,2582,2567,1437,2592,1120,680,1295,592,NA,0.567,NA,NA,60,53,53,1,11,14,16,17,1,0,0,0,59,20,26,30,25.33,5.79,0,10,19,0,1,6,2,8,0,49,0,13,45,17,43,60,0,0,0,0,56,0,4,56,0,4,38,39,40,39,1.89,0,13,5,7,33,60,0,29,31,55,3,1,11,2,19,1,15,1,2,0,1,7,60,0,0,0,0,32,28,2,8,0,49,0,4,51,5,2925,3282.5,3512.5,3264.35,524.46,8,41,10,2,58,9.5,0.87,0,59,25,0,0,2,23,0,3,7,1,12,14,11,0,0,0,0,0,0,0,0,0,0,0,0,0,0,0,0,0,0,0,0,0,0,0,0,0,0,4.658,NA,46.33,4.83,0,0,0,0,0,0,0
2015,"MUNICIPIO",220940,6244,6007,2976,3031,1547,3099,1361,752,1574,705,NA,0.584,NA,NA,75,71,71,2,24,20,15,10,3,1,0,0,73,18.5,23,27,23.6,6.52,1,7,34,0,1,6,5,0,0,70,0,22,53,26,49,73,2,0,0,0,75,0,0,75,0,0,38,39,40,38.77,1.47,0,29,5,18,21,75,0,25,50,74,1,0,17,6,15,1,28,0,0,2,0,6,75,0,0,0,0,44,31,5,0,0,70,0,4,65,6,2997,3260,3635,3300.99,475.63,3,60,10,1,74,9.28,0.88,0,75,41,0,0,3,38,2,6,21,4,5,17,24,2,0,0,0,0,0,1,0,0,0,0,0,2,1,0,0,0,1,1,1,0,1,0,0,0,0,4.316,NA,47.65,6.57,1333.33,127.06,63.53,0,0,0,0
2015,"MUNICIPIO",220945,2115,2059,1023,1036,649,1030,380,323,514,199,NA,0.619,NA,NA,42,27,27,0,9,9,11,7,5,1,0,0,42,21,26.5,30.75,26.05,6.9,0,0,10,0,2,1,2,1,0,36,1,3,38,14,28,38,4,0,0,1,36,0,4,37,0,4,39,40,41,39.41,2.54,0,10,7,3,18,42,0,26,16,40,1,1,12,1,13,0,6,0,0,4,1,4,42,0,0,0,0,26,16,2,1,0,36,1,1,36,5,3185,3447.5,3738.75,3429.52,556.64,0,27,8,0,39,9.79,0.47,0,41,9,0,0,0,9,0,1,7,0,1,8,1,0,0,1,1,0,0,0,0,0,0,1,0,0,0,0,0,0,0,0,0,0,0,0,0,0,0,1.208,NA,81.71,4.26,0,0,0,23.81,23.81,0,23.81
2015,"MUNICIPIO",220950,3720,3648,1851,1797,902,1899,847,423,922,452,NA,0.613,NA,NA,42,39,39,1,12,13,9,6,1,0,0,0,41,18.25,23,26,23.1,5.81,0,0,10,0,1,6,3,0,0,39,0,15,27,22,20,42,0,0,0,0,41,0,1,41,0,1,38,39,40,38.81,1.4,0,11,2,2,26,41,1,22,20,40,0,1,18,2,11,1,7,0,0,0,1,1,40,1,1,0,0,19,23,3,0,0,39,0,1,40,1,2958.75,3310,3555,3258.69,395.95,2,37,2,0,40,9.4,0.74,0,41,24,0,0,1,23,2,4,5,2,10,10,14,2,0,0,0,0,0,0,0,0,0,0,0,0,0,0,0,0,0,0,0,0,0,0,0,0,0,3.037,NA,45.55,6.45,0,0,0,0,0,0,0
2015,"MUNICIPIO",220955,4371,4313,2240,2073,1107,2309,897,541,1091,441,NA,0.596,NA,NA,71,52,52,1,14,23,10,13,9,1,0,0,70,20,24,31,25.61,6.82,0,9,25,0,1,2,4,2,0,65,0,27,43,32,39,71,0,0,0,0,68,0,3,68,0,3,38,39,40,39.24,1.33,0,14,0,6,49,71,0,23,48,71,0,0,26,5,21,2,16,0,0,0,0,1,71,0,0,0,0,35,36,4,2,0,65,0,3,67,1,3000,3250,3477.5,3229.49,359.75,4,62,4,0,57,9.77,0.42,0,71,29,0,0,1,28,0,1,16,1,10,16,13,0,0,0,0,0,0,0,0,0,0,0,0,0,0,0,0,0,0,0,0,0,0,0,0,0,0,355,NA,65.08,6.63,0,0,0,0,0,0,0
2015,"MUNICIPIO",220960,2920,3069,1500,1569,685,1473,911,340,760,469,NA,0.61,NA,NA,28,16,16,0,2,6,9,7,3,1,0,0,28,23,28,31.75,28.11,6.49,0,5,5,0,1,3,5,1,0,20,0,6,22,7,21,28,0,0,1,1,23,0,1,25,0,1,38,39,40,38.31,3.6,0,6,0,1,13,28,0,15,13,28,0,0,4,0,7,2,10,0,0,0,0,3,28,0,0,0,0,19,9,5,1,0,20,0,5,22,1,2680,3070,3315,2880.54,849.79,6,19,1,1,27,9.43,1.53,3,25,18,0,0,2,16,0,1,6,3,6,12,6,0,0,1,1,0,0,0,0,0,0,1,0,0,0,0,0,0,0,0,0,0,0,0,0,0,0,2.76,NA,36.84,6.16,0,0,0,35.71,35.71,0,35.71
2015,"MUNICIPIO",220965,5786,5567,2832,2735,1693,2902,972,824,1413,498,NA,0.485,NA,NA,55,51,51,0,14,14,11,11,2,3,0,0,55,19.5,24,30,25.38,6.72,3,5,30,0,0,1,29,1,0,25,0,20,35,22,33,55,0,0,0,0,54,0,1,54,0,1,38.5,39,40,39.13,1.47,0,21,1,4,29,55,0,27,28,50,4,0,19,2,14,4,8,0,4,0,0,3,55,0,0,0,0,26,29,29,1,0,25,0,3,48,4,2810,3120,3392.5,3141.73,526.32,8,41,6,1,51,9.4,0.91,0,55,41,0,0,3,38,0,4,21,1,12,24,17,3,0,2,1,1,0,0,1,0,0,0,0,0,0,0,0,0,0,0,0,0,0,0,0,0,0,2.062,NA,38.92,7.09,0,0,0,36.36,18.18,18.18,36.36
2015,"MUNICIPIO",220970,6329,6298,3190,3108,1803,3042,1453,892,1452,764,NA,0.57,NA,NA,90,70,70,1,34,14,26,9,4,2,0,0,89,18,22,28,23.31,6.5,0,8,43,0,1,4,3,7,1,71,0,44,43,46,44,90,0,0,1,0,81,0,5,82,0,5,38,39,40,39.05,2.61,0,26,10,16,34,87,3,51,39,87,1,0,37,2,24,4,12,0,1,0,0,5,89,0,1,0,0,47,43,3,7,1,72,0,7,78,5,2892.5,3266,3541.25,3201.52,569.91,10,65,9,1,89,9.47,0.88,2,86,45,0,0,7,38,3,4,14,5,12,25,20,3,0,2,2,0,0,0,0,0,0,2,0,0,0,0,0,0,0,0,0,0,0,0,0,0,0,2.492,NA,61.98,7.11,0,0,0,22.22,22.22,0,22.22
2015,"MUNICIPIO",220975,2960,2825,1464,1361,903,1403,519,455,640,266,NA,0.56,NA,NA,25,9,9,0,2,13,4,6,0,0,0,0,25,22,24,29,25.48,4.85,1,2,7,0,0,2,0,4,0,21,0,12,13,7,18,25,0,0,0,0,24,0,1,24,0,1,38,39,40,38.88,1.99,0,8,1,6,10,25,0,20,5,23,1,1,6,0,10,0,3,1,0,0,1,4,25,0,0,0,0,13,12,0,4,0,21,0,1,21,3,2950,3400,3840,3419.6,616.66,1,17,7,0,9,9.89,0.33,0,25,12,0,0,2,10,0,1,3,0,6,7,5,1,0,1,1,0,0,0,0,0,0,1,0,0,0,0,0,0,0,0,0,0,0,0,0,0,0,NA,NA,39.06,4.05,0,0,0,40,40,0,40
2015,"MUNICIPIO",220980,4903,4754,2353,2401,1374,2451,929,675,1248,478,NA,0.616,NA,NA,81,55,55,1,19,28,23,7,2,1,0,0,80,20,22,27,23.46,5.31,0,6,16,0,6,3,8,4,1,64,0,25,54,38,43,77,4,0,0,2,76,0,3,78,0,3,38,39,40,38.22,2.41,0,22,7,11,32,80,1,42,39,72,2,0,20,8,17,4,8,1,1,4,0,12,80,0,1,0,0,44,37,8,4,1,64,0,10,68,3,2825,3100,3440,3099.14,540.13,3,66,8,0,78,9.68,0.61,0,80,16,0,0,2,14,0,3,4,1,6,10,6,0,0,0,0,0,0,0,0,0,0,0,0,0,0,0,0,0,0,0,0,0,0,0,0,0,0,4.432,NA,64.9,3.26,0,0,0,0,0,0,0
2015,"MUNICIPIO",220985,4523,4445,2188,2257,1192,2155,1098,572,1117,568,NA,0.559,NA,NA,52,52,52,0,12,13,11,11,3,2,0,0,52,20,25,30,25.52,6.63,1,10,17,0,2,4,6,0,0,46,0,13,39,21,31,52,0,0,0,0,52,0,0,52,0,0,38,39,40,38.85,1.24,0,17,10,8,16,52,0,23,29,50,1,1,16,4,16,2,11,0,1,0,1,1,52,0,0,0,0,25,27,6,0,0,46,0,2,49,1,2994.5,3199,3442.5,3229.13,399.19,4,43,5,1,51,9.31,1.02,1,51,36,0,0,2,34,0,9,13,2,10,21,15,1,0,0,0,0,0,0,0,0,0,0,0,0,0,0,0,0,0,0,0,0,0,0,0,0,0,2.27,NA,46.55,7.96,0,0,0,0,0,0,0
2015,"MUNICIPIO",220987,5898,5608,2805,2803,1820,2775,1013,905,1387,511,NA,0.515,NA,NA,90,72,72,1,21,24,20,17,5,2,0,0,89,20,24,30,24.77,6.58,2,18,41,0,3,6,7,1,1,71,0,34,54,34,56,86,4,0,0,0,85,0,5,85,0,5,38,39,40,38.76,2.13,0,34,13,10,32,86,4,63,27,82,6,0,23,2,31,1,15,3,0,4,0,9,88,0,2,0,0,47,43,7,1,1,71,0,3,86,1,2943,3222.5,3500,3219.53,403.82,4,70,9,0,90,9.73,0.61,0,90,23,0,0,3,20,0,4,7,4,5,12,11,3,0,1,1,0,0,1,0,0,0,1,0,2,1,0,0,0,1,1,1,0,0,0,0,0,0,NA,NA,64.89,3.9,1111.11,144.2,72.1,11.11,11.11,0,11.11
2015,"MUNICIPIO",220990,6081,6157,3012,3145,1604,2926,1627,814,1505,826,NA,0.582,NA,NA,56,32,32,0,8,14,17,8,6,2,1,0,56,21.75,26,31,26.59,7.03,1,8,14,0,1,2,4,5,0,46,0,18,36,23,33,56,0,0,0,2,48,0,4,50,0,4,38,39,40,38.85,2.33,0,12,4,2,33,50,6,25,31,54,1,0,13,6,7,14,8,0,1,0,0,4,52,3,1,0,0,26,30,4,5,0,46,0,3,50,3,2910,3205,3511.25,3217.29,526.71,4,45,4,1,37,9.55,0.89,3,53,31,0,0,6,25,1,7,12,1,4,18,13,1,0,1,1,0,0,0,0,0,0,1,0,0,0,0,0,0,0,0,0,0,0,0,0,0,0,4.605,NA,37.21,5.1,0,0,0,17.86,17.86,0,17.86
2015,"MUNICIPIO",220995,4747,4651,2284,2367,1333,2398,920,658,1216,493,NA,0.559,NA,NA,73,68,68,1,17,27,13,11,4,0,0,0,72,20,23,28,23.6,5.75,0,5,19,0,3,3,5,5,0,63,0,25,47,30,43,72,1,0,0,0,70,0,3,70,0,3,38,39,40,38.82,1.9,0,25,2,9,35,73,0,34,39,70,1,2,21,5,21,1,13,1,0,1,2,8,73,0,0,0,0,35,38,5,5,0,63,0,6,61,6,3050,3325,3670,3311.4,571.41,4,56,11,0,73,9.4,0.74,1,72,32,0,0,6,26,2,4,16,1,3,19,13,1,0,1,1,0,0,0,0,0,0,1,0,0,0,0,0,0,0,0,0,0,0,0,0,0,0,4.738,NA,60.03,6.74,0,0,0,13.7,13.7,0,13.7
2015,"MUNICIPIO",220997,7755,7336,3695,3641,2304,3664,1368,1101,1831,709,NA,0.523,NA,NA,147,134,134,2,35,43,32,26,7,2,0,0,145,19.5,24,29,24.59,6,3,22,69,0,0,6,17,7,1,119,0,40,106,53,94,145,2,0,0,2,131,0,14,133,0,14,38,39,40,38.91,2.18,0,45,8,18,75,144,3,87,60,142,4,0,45,4,45,8,30,0,3,2,0,9,144,1,2,0,0,82,65,17,7,1,119,0,14,125,8,2900,3200,3500,3177.65,540.3,9,120,12,2,143,9.16,0.81,1,145,32,0,0,5,27,0,2,13,4,8,13,19,3,0,1,1,0,0,0,0,0,0,1,0,0,0,0,0,0,0,0,0,0,0,0,0,0,0,NA,NA,80.28,4.13,0,0,0,6.8,6.8,0,6.8
2015,"MUNICIPIO",221000,20146,19548,9584,9964,5527,10472,3549,2719,5365,1880,NA,0.645,NA,NA,346,320,320,5,99,91,78,45,21,7,0,0,341,19,23.5,29,24.27,6.48,4,14,102,0,7,33,33,21,0,286,0,179,166,140,206,340,6,0,0,3,339,0,4,342,0,4,39,39,40,39.01,1.55,0,103,14,33,188,49,297,130,216,333,8,0,110,15,101,6,84,4,4,6,0,13,346,0,0,0,0,176,170,33,21,0,286,0,27,305,14,2852.5,3140,3450,3137.87,471.19,36,284,20,2,341,9.45,0.74,1,345,115,0,0,13,102,6,18,43,13,22,65,50,8,0,2,1,1,0,1,0,0,0,2,0,1,1,0,0,0,0,1,1,0,0,0,0,0,1,17.42,16,64.49,5.71,289.02,18.64,18.64,5.78,2.89,2.89,5.78
2015,"MUNICIPIO",221005,5246,5148,2653,2495,1338,2879,931,660,1388,447,NA,0.565,NA,NA,81,76,76,0,17,18,19,17,5,5,0,0,81,20,26,31,26.41,6.88,4,15,27,0,1,7,14,0,0,65,0,28,53,34,47,81,0,0,0,1,78,0,2,79,0,2,38,39,40,38.74,2.25,0,8,10,13,48,81,0,37,44,79,2,0,28,1,27,0,13,1,1,0,0,10,81,0,0,0,0,36,45,14,0,0,65,0,7,67,7,2900,3200,3600,3191.11,612.52,6,64,10,1,80,9.52,1.04,0,81,21,0,0,4,17,0,4,3,4,6,12,9,0,0,2,2,0,0,0,0,0,0,2,0,0,0,0,0,0,0,0,0,0,0,0,0,0,0,3.005,NA,58.36,4,0,0,0,24.69,24.69,0,24.69
2015,"MUNICIPIO",221010,3697,3700,1885,1815,1124,1767,809,531,871,413,NA,0.573,NA,NA,40,38,38,0,14,7,8,8,3,0,0,0,40,18,21.5,30,24.1,6.93,0,2,9,0,2,5,7,2,0,30,0,20,20,19,21,40,0,0,1,0,37,0,2,38,0,2,38,39,39,38.3,2.58,0,10,3,4,23,37,3,20,20,38,2,0,10,5,6,4,8,1,1,0,0,5,40,0,0,0,0,19,21,7,2,0,30,0,2,36,2,3020,3256,3443.75,3194.93,620.55,2,32,6,0,40,9.35,0.89,0,40,20,0,0,3,17,0,2,9,1,5,14,6,0,0,0,0,0,0,0,0,0,0,0,0,0,0,0,0,0,0,0,0,0,0,0,0,0,0,2.577,NA,45.92,5.41,0,0,0,0,0,0,0
2015,"MUNICIPIO",221020,6610,6591,3281,3310,1719,3403,1469,844,1705,761,NA,0.552,NA,NA,91,89,89,1,21,19,24,15,11,0,0,0,90,20,25,30,25.56,6.35,1,20,37,0,0,6,12,1,0,77,0,12,79,33,58,91,0,0,0,1,84,0,6,85,0,6,38,39,40,38.75,1.88,0,19,12,19,40,91,0,26,65,89,2,0,25,3,22,6,25,0,2,0,0,8,91,0,0,0,0,49,42,12,1,0,77,0,4,82,5,2995,3178,3500,3225.25,461.6,1,80,10,2,89,9.29,1.04,0,91,49,0,0,6,43,1,2,15,7,18,25,24,2,0,1,1,0,0,0,0,0,0,0,0,1,0,0,0,1,0,1,1,0,0,0,0,0,0,2.584,NA,53.37,7.41,1098.9,58.65,58.65,10.99,10.99,0,10.99
2015,"MUNICIPIO",221030,6244,5675,2829,2846,1428,2957,1290,694,1488,664,NA,0.594,NA,NA,86,73,73,0,24,19,13,19,10,1,0,0,86,19,25,31,25.67,6.98,0,10,27,0,3,6,15,2,0,69,0,21,65,41,45,80,6,0,0,2,83,0,1,85,0,1,38,39,39,38.44,1.84,0,16,8,6,50,86,0,30,56,78,7,0,26,8,15,2,18,3,1,6,0,6,86,0,0,0,0,50,36,15,2,0,69,0,6,74,6,2937.5,3250,3519.5,3238.47,568.43,1,68,11,4,82,9.14,1.16,0,86,54,0,0,5,49,1,7,21,5,15,37,17,0,0,2,2,0,0,0,0,0,0,2,0,0,0,0,0,0,0,0,0,0,0,0,0,0,0,5.602,NA,57.8,8.65,0,0,0,23.26,23.26,0,23.26
2015,"MUNICIPIO",221035,4493,4427,2266,2161,1035,2315,1077,470,1135,556,NA,0.595,NA,NA,45,35,35,2,11,15,4,5,7,1,0,0,43,18,22,31,24.33,7.76,0,3,15,0,2,1,4,1,0,40,0,18,27,24,21,45,0,0,0,0,41,0,2,41,0,2,38,39,40,38.88,1.59,0,9,1,1,34,45,0,17,28,43,1,1,16,3,12,0,7,0,1,0,1,3,45,0,0,0,0,25,20,4,1,0,40,0,4,38,3,2800,3200,3600,3161.18,624.15,5,30,6,0,39,9.28,0.65,0,45,27,0,0,2,25,0,4,10,5,6,11,16,1,0,1,1,0,0,0,0,0,0,1,0,0,0,0,0,0,0,0,0,0,0,0,0,0,0,1.771,NA,39.65,6.01,0,0,0,22.22,22.22,0,22.22
2015,"MUNICIPIO",221037,2595,2561,1262,1299,708,1290,563,357,655,287,NA,0.554,NA,NA,29,27,27,0,4,5,6,4,9,1,0,0,29,23,29,36,29.17,7.34,1,4,4,0,1,9,8,0,0,21,0,8,21,11,18,29,0,0,0,1,26,0,2,27,0,2,38,39,40,38.66,2.78,0,8,4,6,9,28,1,15,14,24,3,1,7,3,8,2,3,0,3,0,1,1,28,0,1,0,0,16,13,8,0,0,21,0,4,24,1,3195,3300,3500,3179.28,630.69,1,25,3,1,27,8.75,1.86,1,28,16,0,0,2,14,0,0,4,3,7,8,8,0,0,1,1,0,0,0,1,0,0,0,0,0,0,0,0,0,0,0,0,0,0,0,0,0,0,943,NA,44.27,6.17,0,0,0,34.48,34.48,0,34.48
2015,"MUNICIPIO",221038,2409,2110,1050,1060,523,1049,538,238,541,281,NA,0.563,NA,NA,25,12,12,0,4,4,5,10,2,0,0,0,25,23,29,30,27,6.45,0,5,10,0,2,1,5,4,0,15,0,5,20,10,15,25,0,0,0,0,25,0,0,25,0,0,39,39,40,38.92,1.71,0,5,2,6,2,25,0,9,16,23,0,0,9,0,6,0,7,0,0,0,0,1,25,0,0,0,0,10,15,5,4,0,15,0,2,19,4,2830,3200,3500,3213,557.08,4,17,4,0,25,9.6,0.76,0,23,15,0,0,0,15,0,1,8,0,6,6,9,0,0,0,0,0,0,0,0,0,0,0,0,0,0,0,0,0,0,0,0,0,0,0,0,0,0,NA,NA,46.21,6.23,0,0,0,0,0,0,0
2015,"MUNICIPIO",221039,2993,2976,1546,1430,966,1441,569,470,672,288,NA,0.535,NA,NA,37,34,34,3,8,14,8,3,1,0,0,0,34,19,22,26,22.54,5.86,0,1,23,0,0,0,3,3,0,31,0,20,17,15,22,37,0,0,0,1,35,0,1,36,0,1,38,39,40,38.41,2.05,0,14,4,2,15,37,0,16,21,37,0,0,9,3,13,2,6,0,0,0,0,4,37,0,0,0,0,19,18,3,3,0,31,0,3,32,2,2930,3100,3550,3173.38,568,1,31,4,0,37,9.32,0.91,1,36,14,0,0,2,12,1,1,8,0,2,7,7,0,0,1,1,0,0,0,0,0,0,1,0,0,0,0,0,0,0,0,0,0,0,0,0,0,0,NA,NA,55.06,4.68,0,0,0,27.03,27.03,0,27.03
2015,"MUNICIPIO",221040,18105,18134,9219,8915,5102,9247,3785,2434,4559,1922,NA,0.556,NA,NA,272,186,186,2,65,81,65,33,23,3,0,0,270,20,23.5,28,24.66,6.32,3,43,109,0,3,7,13,5,1,239,0,97,169,102,170,266,6,0,3,3,244,0,21,250,0,21,38,39,40,38.47,2.95,0,61,14,18,149,156,116,187,85,254,13,1,75,10,80,31,19,6,4,6,1,35,262,9,1,0,0,141,131,13,5,1,239,0,17,234,21,3000,3327.5,3646.25,3255.66,607.01,11,193,48,4,241,9.63,0.98,1,269,92,0,0,8,84,2,16,28,6,32,58,34,3,0,9,9,0,0,0,1,1,0,6,0,0,0,0,0,0,0,0,0,0,0,0,0,0,0,6.854,NA,59.66,5.08,0,0,0,33.09,33.09,0,33.09
2015,"MUNICIPIO",221050,13994,13639,6822,6817,4007,6855,2777,1895,3433,1489,NA,0.595,NA,NA,223,139,139,4,58,52,55,37,13,3,1,0,219,19,24,29,24.65,6.45,6,18,94,0,6,8,19,14,3,166,0,54,165,76,147,221,2,1,3,6,197,0,13,207,0,13,38,39,40,38.42,3.1,0,55,21,29,80,180,43,129,94,204,5,0,45,9,60,11,45,2,3,2,0,29,221,0,0,2,0,113,109,19,14,3,167,0,16,188,19,2970,3300,3638,3268.95,625.74,8,165,36,4,200,9.58,1.12,1,210,93,0,0,7,86,0,11,46,11,18,48,45,1,0,5,5,0,0,0,0,0,0,4,0,0,0,0,0,0,0,0,0,0,0,0,0,0,0,10.5,NA,64.96,6.65,0,0,0,22.42,22.42,0,22.42
2015,"MUNICIPIO",221060,33802,32327,15897,16430,8699,18016,5612,4282,9225,2923,NA,0.661,NA,NA,573,367,367,7,135,159,151,87,28,6,0,0,566,20,24,29,24.42,6.11,4,54,155,0,25,56,45,37,4,480,0,165,400,256,317,571,2,0,2,2,541,0,24,545,0,24,38,39,39,38.41,2.04,0,120,62,73,298,45,528,150,423,529,23,20,202,14,134,9,122,7,15,2,20,44,572,1,0,0,0,296,277,45,37,4,480,0,29,522,22,2950,3214,3500,3210.41,494.24,30,466,61,4,397,9.22,0.85,6,565,185,0,0,27,158,5,23,66,20,44,97,88,13,0,4,4,0,0,0,0,0,0,4,0,0,0,0,0,0,0,0,0,0,0,0,0,0,0,26.96,NA,62.11,5.47,0,0,0,6.98,6.98,0,6.98
2015,"MUNICIPIO",221062,3455,3560,1889,1671,1155,1796,609,545,834,292,NA,0.536,NA,NA,61,10,10,1,13,23,11,9,2,2,0,0,60,20,22,28,24.15,6.35,0,12,23,0,0,3,8,4,0,48,0,22,39,17,44,61,0,0,0,1,50,0,9,51,0,9,38,39,41,39.05,2.55,0,27,6,4,22,58,3,41,20,59,0,0,13,2,21,1,15,0,0,0,0,6,58,0,1,2,0,32,29,8,4,0,49,0,2,58,1,2960,3150,3450,3179.48,372.41,5,48,5,1,13,9.64,1.34,0,60,11,0,0,1,10,1,2,0,1,6,8,3,1,0,0,0,0,0,0,0,0,0,0,0,0,0,0,0,0,0,0,0,0,0,0,0,0,0,NA,NA,73.14,3.18,0,0,0,0,0,0,0
2015,"MUNICIPIO",221063,4209,4116,2151,1965,1154,2175,787,565,1023,377,NA,0.562,NA,NA,58,42,42,1,12,16,16,10,3,0,0,0,57,20,24.5,29,24.78,5.73,0,3,13,0,6,7,9,4,0,43,0,17,40,20,38,57,0,0,0,1,53,0,3,54,0,3,38,39,40,38.84,1.94,0,11,2,7,34,58,0,19,39,54,2,0,16,1,16,2,17,2,0,0,0,1,58,0,0,0,0,32,26,9,4,0,43,0,4,47,7,3068.75,3416,3645,3357.74,556.35,3,43,9,0,52,9.56,0.67,1,56,15,0,0,2,13,0,2,8,2,1,10,5,0,0,0,0,0,0,0,0,0,0,0,0,0,0,0,0,0,0,0,0,0,0,0,0,0,0,1.916,NA,56.7,3.56,0,0,0,0,0,0,0
2015,"MUNICIPIO",221065,9854,9619,4972,4647,2526,4926,2167,1162,2418,1067,NA,0.581,NA,NA,110,31,31,2,22,41,22,15,7,1,0,0,108,20,24,29,24.31,6.1,1,12,43,0,3,4,8,1,0,96,0,24,84,39,71,110,0,0,0,0,102,0,5,102,0,5,38,39,40,39,1.65,0,27,10,16,41,110,0,63,47,104,2,0,32,1,40,5,15,2,0,0,0,9,54,56,0,0,0,53,57,8,1,0,96,0,9,93,8,2950,3250,3577.5,3261.56,493.57,6,89,11,3,51,9.28,1.94,2,108,48,0,0,6,42,2,8,18,4,10,30,18,3,0,1,1,0,0,0,0,0,0,1,0,0,0,0,0,0,0,0,0,0,0,0,0,0,0,NA,NA,45.49,4.87,0,0,0,9.09,9.09,0,9.09
2015,"MUNICIPIO",221070,14411,14180,7078,7102,4478,7273,2429,2167,3675,1260,NA,0.575,NA,NA,235,212,212,1,49,71,55,33,18,6,2,0,234,20,24,29.5,25.3,6.83,7,37,104,0,9,16,26,9,3,196,0,50,185,84,151,232,3,0,1,0,213,0,21,214,0,21,38,39,40,38.83,2.39,0,42,17,33,140,43,192,129,106,227,4,4,60,11,95,6,27,1,2,3,4,26,189,44,2,0,0,102,133,26,9,3,196,0,19,201,15,3000,3300,3600,3252.13,534.62,17,176,25,1,233,9.73,0.85,3,232,83,0,0,9,74,1,11,41,3,18,53,30,4,0,3,3,0,0,1,1,0,0,2,0,2,1,0,0,1,0,2,1,0,1,1,0,0,0,7.87,NA,63.95,5.76,851.06,54.42,54.42,12.77,12.77,0,12.77
2015,"MUNICIPIO",221080,12424,12077,6090,5987,3172,6385,2520,1511,3167,1309,NA,0.627,NA,NA,174,152,152,0,33,50,42,38,10,1,0,0,174,20,25,30,25.37,5.88,2,20,63,0,9,16,15,12,0,143,0,40,130,66,108,170,4,0,0,1,164,0,9,165,0,9,38,39,40,39.03,1.78,0,36,6,11,115,79,95,86,88,165,4,2,43,14,57,9,26,2,2,4,2,12,171,0,3,0,0,87,87,15,12,0,143,0,13,146,15,2900,3260,3597.5,3247.41,569.96,16,126,25,5,167,9.59,1.06,0,170,93,0,0,9,84,4,12,39,8,21,57,36,2,0,5,5,0,0,0,2,0,0,3,0,1,0,0,0,1,0,1,1,0,0,1,0,0,0,8.638,NA,54.94,7.49,574.71,31.58,31.58,28.74,28.74,0,28.74
2015,"MUNICIPIO",221090,4512,4522,2301,2221,1309,2238,975,626,1086,509,NA,0.561,NA,NA,50,49,49,0,15,18,8,5,4,0,0,0,50,19,21.5,27,23.62,6.1,2,5,25,0,0,4,3,4,0,42,0,23,27,18,32,50,0,0,0,0,48,0,1,48,0,1,39,39,40,39.12,1.38,0,16,2,6,25,49,1,26,24,47,1,1,13,3,19,2,8,1,0,0,1,2,50,0,0,0,0,29,21,4,4,0,42,0,2,48,0,2900,3162.5,3500,3202.5,404.43,4,42,3,0,50,9.58,0.61,0,50,30,0,0,4,26,1,2,18,2,3,14,16,2,0,0,0,0,0,1,0,0,0,0,0,1,1,0,0,0,0,1,1,0,0,0,1,0,0,2.051,NA,46.04,6.65,2000,92.08,92.08,0,0,0,0
2015,"MUNICIPIO",221093,6545,6229,3099,3130,1460,3357,1412,705,1723,702,NA,0.586,NA,NA,77,75,75,0,18,12,27,15,4,1,0,0,77,20,27,30,25.83,6.33,0,9,24,0,4,9,20,2,0,55,0,12,64,31,46,77,0,0,1,0,73,0,3,74,0,3,38,39,39,38.56,2.02,0,17,9,13,37,77,0,17,60,74,2,1,22,4,16,4,22,0,2,0,1,6,77,0,0,0,0,39,38,20,2,0,55,0,3,72,2,3000,3290,3570,3262.9,526.06,4,68,5,0,77,9.34,0.87,0,77,38,0,0,3,35,1,7,16,1,10,19,19,2,0,1,1,0,0,0,1,0,0,0,0,0,0,0,0,0,0,0,0,0,0,0,0,0,0,NA,NA,44.69,5.81,0,0,0,12.99,12.99,0,12.99
2015,"MUNICIPIO",221095,2851,2753,1443,1310,814,1454,485,385,690,235,NA,0.501,NA,NA,29,19,19,1,3,15,3,4,3,0,0,0,28,20,22,29,24.28,6.22,0,4,10,0,0,1,1,1,0,27,0,7,22,13,16,29,0,0,0,0,27,0,2,27,0,2,38,39,40,38.69,2.21,0,6,2,0,20,29,0,9,20,29,0,0,13,0,8,0,6,0,0,0,0,2,29,0,0,0,0,16,13,1,1,0,27,0,2,26,1,2750,2950,3350,3013.69,564.83,5,21,2,0,21,9.43,0.81,0,28,17,0,0,0,17,1,3,6,3,4,9,8,3,0,0,0,0,0,0,0,0,0,0,0,0,0,0,0,0,0,0,0,0,0,0,0,0,0,NA,NA,42.03,5.96,0,0,0,0,0,0,0
2015,"MUNICIPIO",221097,2703,2620,1276,1344,720,1344,556,361,685,298,NA,0.579,NA,NA,44,34,34,0,11,10,14,5,1,3,0,0,44,19.75,25,29,25.11,7.33,0,3,19,0,1,3,4,4,0,32,0,9,33,19,25,40,4,0,0,0,41,0,3,41,0,3,37,39,40,38.64,2.02,0,8,2,2,29,44,0,25,19,38,4,0,14,0,13,0,7,3,0,4,0,3,43,1,0,0,0,25,19,4,4,0,32,0,5,36,3,2983.75,3330,3620,3258.18,604.68,4,28,7,1,43,9.45,1,0,43,14,0,0,1,13,0,1,5,0,7,8,6,1,0,1,1,0,0,0,0,0,0,1,0,0,0,0,0,0,0,0,0,0,0,0,0,0,0,NA,NA,64.23,5.18,0,0,0,22.73,22.73,0,22.73
2015,"MUNICIPIO",221100,844245,814230,380612,433618,191538,481836,140856,94292,258825,80501,NA,0.751,NA,NA,13976,10188,10188,108,2065,3165,3695,3160,1462,303,16,2,13866,22,27,32,26.8,6.48,31,574,2868,0,996,2641,1993,651,118,10669,8,3018,10856,6008,7968,13672,270,8,49,139,13114,0,459,13310,0,459,38,39,40,38.56,2.18,0,2262,933,1014,7155,50,13926,5295,8680,13064,535,10,4635,316,3154,218,3159,214,232,273,10,1225,13934,21,13,8,0,7186,6780,1993,651,118,10670,8,1216,11978,782,2910,3230,3540,3191.77,571.93,970,10843,1490,125,13769,9.69,0.78,117,13743,5163,0,0,734,4429,200,925,1466,590,1248,2881,2281,293,0,169,160,9,0,1,18,0,0,121,0,11,1,0,0,8,2,9,9,0,0,3,4,1,0,825.015,168.521,54,6.12,64.4,4.25,3.48,12.09,11.45,0.64,12.09
2015,"MUNICIPIO",221110,43606,42654,21404,21250,12380,21893,8381,5991,10802,4457,NA,0.577,NA,NA,758,334,334,11,176,185,194,120,58,14,0,0,747,20,25,30,25.03,6.55,10,107,292,0,13,20,37,24,4,575,0,162,588,273,485,743,15,0,3,14,656,0,31,673,0,31,38,39,40,38.6,2.58,0,185,36,64,309,450,308,507,251,712,16,1,197,21,228,27,107,4,8,15,1,73,754,1,1,2,0,385,373,37,24,4,575,0,61,647,50,2950,3242.5,3560,3215.06,581.27,46,530,102,5,517,9.71,0.7,6,732,266,0,0,32,234,6,21,72,36,99,146,120,13,0,18,18,0,0,1,2,0,0,13,0,1,1,0,0,0,0,1,0,0,0,0,0,0,0,20.944,NA,70.17,6.1,131.93,9.26,9.26,23.75,23.75,0,23.75
2015,"MUNICIPIO",221120,21011,20149,9909,10240,5808,10842,3499,2994,5409,1837,NA,0.631,NA,NA,507,125,125,6,119,129,128,85,33,7,0,0,501,20,24,29,24.92,6.37,2,68,184,0,18,42,28,7,0,447,2,138,367,195,312,495,12,0,0,6,479,0,22,485,0,22,38,39,40,38.94,1.98,0,192,49,49,205,146,361,210,297,491,10,0,164,8,154,4,115,4,6,12,0,35,504,3,0,0,0,250,257,28,7,0,447,2,19,447,41,3050,3350,3650,3342.72,493.25,23,398,69,3,147,9.47,1.2,2,501,115,0,0,11,104,3,12,46,9,34,64,51,8,0,3,3,0,0,0,0,0,0,2,0,1,0,1,0,0,0,1,1,0,1,0,0,0,0,20.133,NA,93.73,5.47,197.24,18.49,18.49,5.92,5.92,0,5.92
2015,"MUNICIPIO",221130,20568,20326,9577,10749,4818,10682,4826,2391,5701,2657,NA,0.647,NA,NA,274,249,249,3,44,82,76,46,18,4,1,0,271,21,25,29.75,25.41,6.17,1,25,63,0,18,25,23,1,0,248,0,95,178,116,158,266,8,0,0,2,260,0,12,262,0,12,38,39,40,38.64,1.88,0,77,14,24,151,30,244,78,196,271,2,0,99,6,74,9,54,1,1,8,0,21,274,0,0,0,0,143,131,23,1,0,248,0,16,238,20,3000,3295,3598.75,3292.76,545.28,15,208,40,4,269,9.79,1.07,1,273,177,0,0,19,158,5,18,79,15,41,108,69,7,0,1,0,1,0,1,0,0,0,1,0,1,1,0,0,0,0,1,1,0,1,0,0,0,0,18.279,NA,48.06,8.61,364.96,17.54,17.54,3.65,0,3.65,3.65
2015,"MUNICIPIO",221135,4889,4913,2498,2415,1496,2556,861,747,1237,431,NA,0.553,NA,NA,81,61,61,2,24,30,16,6,2,0,1,0,79,18,22,26,22.44,5.75,1,13,40,0,2,2,2,4,0,75,0,19,62,41,40,81,0,0,0,1,72,0,7,73,0,7,38,39,40,38.8,1.97,0,17,2,6,56,81,0,36,45,76,4,1,33,2,21,1,10,1,3,0,1,8,81,0,0,0,0,42,39,2,4,0,75,0,2,77,2,2900,3255,3520,3216.63,472.18,6,63,9,0,63,9.56,0.69,1,79,24,0,0,3,21,0,4,9,2,6,15,9,0,0,0,0,0,0,0,0,0,0,0,0,0,0,0,0,0,0,0,0,0,0,0,0,0,0,1.46,NA,65.48,4.91,0,0,0,0,0,0,0
2015,"MUNICIPIO",221140,4334,4336,2048,2288,1099,2154,1083,545,1132,611,NA,0.571,NA,NA,45,39,39,3,6,13,9,11,2,1,0,0,42,20,25,30,25.27,6.6,0,6,14,0,0,10,2,1,0,42,0,14,31,17,28,45,0,0,0,1,40,0,3,41,0,3,38.75,39,40,38.91,2.46,0,10,0,4,29,42,3,16,29,44,0,0,15,1,12,2,11,0,0,0,0,2,43,0,2,0,0,19,26,2,1,0,42,0,1,42,2,2995,3260,3550,3268.6,418.64,3,36,3,0,45,9.76,0.57,1,44,33,0,0,3,30,0,3,11,1,15,20,13,2,0,0,0,0,0,0,0,0,0,0,0,0,0,0,0,0,0,0,0,0,0,0,0,0,0,2.834,NA,39.75,7.61,0,0,0,0,0,0,0
2015,"MUNICIPIO",221150,3025,2986,1492,1494,784,1523,679,373,765,356,NA,0.503,NA,NA,46,43,43,0,6,24,5,9,2,0,0,0,46,21,24,28.75,24.59,5.31,1,2,21,0,4,2,4,1,0,41,0,10,36,23,23,44,2,0,0,3,43,0,0,46,0,0,38,39,40,38.26,2.65,0,13,1,11,20,46,0,14,32,44,2,0,15,3,10,2,10,1,0,2,0,3,46,0,0,0,0,18,28,4,1,0,41,0,4,41,1,2881.5,3195,3415,3113.76,624.38,1,40,3,1,45,9.3,1.33,1,45,25,0,0,2,23,3,1,8,2,9,11,14,1,0,2,2,0,0,0,0,0,0,2,0,0,0,0,0,0,0,0,0,0,0,0,0,0,0,NA,NA,60.13,8.26,0,0,0,43.48,43.48,0,43.48
2015,"MUNICIPIO",221160,2965,3076,1576,1500,695,1699,682,325,841,334,NA,0.565,NA,NA,37,36,36,1,6,2,13,10,4,1,0,0,36,25,28,31,27.32,6.55,1,3,10,0,1,3,5,0,0,32,0,8,29,16,21,37,0,0,0,0,37,0,0,37,0,0,38,39,39,38.46,1.52,0,6,2,3,25,37,0,7,30,37,0,0,7,7,6,3,11,0,0,0,0,3,37,0,0,0,0,16,21,5,0,0,32,0,2,34,1,2960,3100,3450,3158.41,425.71,2,33,2,1,36,9.46,0.96,0,37,29,0,0,5,24,0,3,11,1,9,14,15,2,0,2,2,0,0,0,0,0,0,2,0,0,0,0,0,0,0,0,0,0,0,0,0,0,0,NA,NA,44,9.78,0,0,0,54.05,54.05,0,54.05
2015,"MUNICIPIO",221170,4375,4280,2165,2115,1211,2214,855,606,1075,434,NA,0.544,NA,NA,39,31,31,3,12,10,11,3,0,0,0,0,36,17,22,27,22.15,5.52,0,1,11,0,1,0,5,0,0,33,0,9,30,19,20,37,2,0,0,0,38,0,1,38,0,1,38,39,40,38.72,1.89,0,7,1,2,26,37,2,13,26,38,0,0,10,5,9,3,6,0,0,2,0,3,39,0,0,0,0,18,21,5,0,0,33,0,1,36,2,2870,3215,3543,3236.74,518.91,1,33,3,1,36,9.43,0.93,0,39,17,0,0,1,16,2,3,6,1,4,12,5,1,0,0,0,0,0,0,0,0,0,0,0,0,0,0,0,0,0,0,0,0,0,0,0,0,0,1.8,NA,36.28,3.89,0,0,0,0,0,0,0
